WS,G,S1_noun,S2_predicate,d,g,u,category_en,definition_en,pos2
item_13,4.220438144929127,1.7356860625361563,0,-4.087035535179958,0,1,animals,duck,noun
item_14,5.451567082811518,1.7304332296601341,0,-2.870517277516658,0,1,animals,ant,noun
item_15,3.628426996555804,1.3308670793073587,0,-0.7314346623272231,0,1,animals,dog,noun
item_16,6.940193297589613,2.2426281249351887,0,-3.411955110079057,0,1,animals,rabbit,noun
item_17,4.864867207330595,1.9934849954663167,0,-3.5764886768606274,0,1,animals,cow,noun
item_18,5.371756642744304,2.0950925969303036,0,-3.539983279367381,0,1,animals,horse,noun
item_21,6.791047377777466,2.406731073336096,0,-3.516832571442924,0,1,animals,frog,noun
item_22,6.620782162913786,2.1988119285016494,0,-3.676911582566449,0,1,animals,crab,noun
item_23,4.921726376520326,1.9576802681915448,0,-4.315536097795714,0,1,animals,hippopotamus,noun
item_24,7.100022914337062,2.514664840526033,0,-4.071112517353505,0,1,animals,turtle,noun
item_25,4.459595752805772,1.7832436798465656,0,-3.8129522240667844,0,1,animals,crow,noun
item_27,6.51257003889426,2.3165779725092612,0,-3.4193843422908508,0,1,animals,giraffe,noun
item_29,6.0711594528616875,2.075479546692034,0,-3.0946397571309046,0,1,animals,bear,noun
item_30,4.808135436142897,1.8564868834706814,0,-4.209287132927664,0,1,animals,koala,noun
item_32,7.739426084432851,2.421113389220273,0,-3.5469578519167126,0,1,animals,fish,noun
item_33,6.394446902806427,2.0889448157038446,0,-4.10458294876828,0,1,animals,monkey,noun
item_34,4.185294329653877,1.6833045068566097,0,-4.043949025935114,0,1,animals,zebra,noun
item_35,5.970375532993949,1.8706256342445413,0,-1.7099199789141302,0,1,animals,elephant,noun
item_37,4.8487182073175275,1.4881570409455402,0,-1.3349488301122894,0,1,animals,butterfly,noun
item_38,5.02812453801261,1.497989874796835,0,-5.718847212590981,0,1,animals,animal,noun
item_39,5.651407313860124,2.526173346324705,0,-5.357741326504481,0,1,animals,tiger,noun
item_40,6.793753367688217,2.3951323074208326,0,-4.0270573220679,0,1,animals,bird,noun
item_41,4.600172198077904,2.1504891449308903,0,-5.033459087464646,0,1,animals,chicken,noun
item_42,4.123719493286172,1.4071295792227834,0,-1.1947324935124952,0,1,animals,cat,noun
item_43,5.442349038894114,2.0675864213550263,0,-4.5082601233923745,0,1,animals,mouse,noun
item_44,4.946404059683947,1.8606129841459358,0,-4.448104686566901,0,1,animals,bee,noun
item_45,3.381970020970381,1.518287499478998,0,-2.8770792046988714,0,1,animals,pigeon,noun
item_46,5.148370008965814,2.0710012100825663,0,-2.1491477281268088,0,1,animals,panda,noun
item_48,4.7803335483616,2.1795274863769993,0,-4.403554733459111,0,1,animals,chick,noun
item_49,5.275329178955089,2.0154646116952857,0,-2.9033424263450027,0,1,animals,pig,noun
item_50,5.575462686171165,1.9603561038069786,0,-4.697638931205811,0,1,animals,snake,noun
item_51,5.882344733808234,2.245008417584461,0,-3.3899024105134656,0,1,animals,penguin,noun
item_52,4.348663036613752,1.1379702012362838,0,-3.0761896992212505,0,1,animals,insect,noun
item_53,5.210968436896289,2.2724212116476585,0,-2.9147323303406325,0,1,animals,lion,noun
item_54,5.626628486807898,2.0516169640500337,0,-5.17997322972525,0,1,animals,squirrel,noun
item_55,5.1583677589769295,1.930735077473196,0,-4.364186985409897,0,1,animals,crocodile,noun
item_56,2.4841046224962238,0.8913372233084278,0,-2.243250460970791,0,1,vehicles,locomotive,noun
item_57,3.903022916155821,1.3685828778601619,0,-0.9074966126036457,0,1,vehicles,car,noun
item_59,4.496276345358489,1.4021902717818733,0,-3.175439338572711,0,1,vehicles,bicycle,noun
item_62,4.66142392020973,1.8447128695456423,0,-1.4290085825917884,0,1,vehicles,train,noun
item_63,3.8211296740374987,1.4679233980934379,0,-2.639769828119462,0,1,vehicles,truck,noun
item_65,4.828142592839799,1.4846404984716735,0,-1.0382849335901163,0,1,vehicles,bus,noun
item_66,3.2719744384322085,1.2548683486311605,0,-2.1711494359423034,0,1,vehicles,police_car,noun
item_67,5.080808315989945,1.7854714814235362,0,-2.6169694190816424,0,1,vehicles,airplane,noun
item_68,5.390487308398708,1.701795897548597,0,-3.9125014852958153,0,1,vehicles,ship,noun
item_70,6.063525354313647,1.4047058852034384,0,-3.566502576638488,0,1,toys,picture_book,noun
item_71,4.9419121001211535,1.0579743174952367,0,-4.848356623009718,0,1,toys,pencil,noun
item_72,6.276462279366274,1.101517110717166,0,-4.603646503085201,0,1,toys,toy,noun
item_77,5.491715773627723,1.3153536628027316,0,-4.636657395727263,0,1,toys,building_blocks,noun
item_78,5.091022427088546,0.9056373556138654,0,-5.161381722946576,0,1,toys,doll,noun
item_83,6.91594835241617,1.312491746584675,0,-4.330984226034783,0,1,toys,balloon,noun
item_86,4.685580936765573,1.1896469055539507,0,-1.2949812210867317,0,1,toys,ball,noun
item_87,4.100019557835081,0.7533475656800114,0,-3.1444848510525003,0,1,toys,book,noun
item_88,4.4053550723272625,0.5892481012342642,0,-2.3651120911664716,0,1,food_drink,ice_cream,noun
item_89,3.6366812369289887,0.4616837130578065,0,-3.7639122579008526,0,1,food_drink,candy,noun
item_90,6.098557360855888,1.798742906837554,0,-2.2130509824820415,0,1,food_drink,strawberry,noun
item_91,4.207968796089171,0.9883971279961765,0,-2.1666236569949278,0,1,food_drink,udon,noun
item_96,6.638552497593805,1.341380510397493,0,-3.396063311236926,0,1,food_drink,rice_ball,noun
item_97,3.845092031950948,0.4083023145262746,0,-0.17174808532282207,0,1,food_drink,tea,noun
item_101,7.263973961218379,1.4053708336888544,0,-4.693006621944358,0,1,food_drink,curry,noun
item_102,4.892366712377415,1.011135984453811,0,-1.1222464659119318,0,1,food_drink,milk,noun
item_105,4.971048997146673,0.8332422468890491,0,-3.216943280367801,0,1,food_drink,cake,noun
item_109,6.000238960038727,1.1669327159098513,0,-2.1095019552555945,0,1,food_drink,rice,noun
item_110,7.2781324024157135,1.8647132756616636,0,-3.7346588634429274,0,1,food_drink,fish,noun
item_113,4.587907136797409,0.5449531000374308,0,-1.30862644728246,0,1,food_drink,juice,noun
item_115,4.5806079811293685,1.4439503988339397,0,-2.9871000569297035,0,1,food_drink,watermelon,noun
item_121,7.830713244902649,1.696252640872735,0,-4.712645883900793,0,1,food_drink,egg,noun
item_122,3.4919828096435137,0.9376815401823896,0,-1.9126716007683313,0,1,food_drink,cheese,noun
item_124,5.603326270263178,1.1932129782856598,0,-4.52731723029026,0,1,food_drink,tofu,noun
item_126,6.816794208361457,2.1973444696043183,0,-3.201735661447304,0,1,food_drink,tomato,noun
item_130,8.470141737263754,1.8644161854743977,0,-6.140436414363373,0,1,food_drink,meat,noun
item_131,6.103692095295449,1.9537768646044364,0,-2.6022903878694357,0,1,food_drink,carrot,noun
item_134,4.529711886120486,1.3273031753156834,0,0.158824630521961,0,1,food_drink,banana,noun
item_135,4.633192526532449,1.2211468327727177,0,0.09394377959648913,0,1,food_drink,bread,noun
item_139,5.487031573798394,1.5868231493286946,0,-2.3292593416036445,0,1,food_drink,grape,noun
item_140,4.310105842841575,0.7998341222925416,0,-3.867111717643478,0,1,food_drink,pudding,noun
item_145,4.140563814073941,1.0897396121810807,0,-3.4812577231841875,0,1,food_drink,bean,noun
item_146,5.881192550720708,1.5264427784426733,0,-2.9357218190016687,0,1,food_drink,orange,noun
item_147,4.526822844352362,1.004076133230847,0,-2.357866574840028,0,1,food_drink,water,noun
item_148,4.571864101705022,1.038820460052183,0,-4.318521038151421,0,1,food_drink,miso_soup,noun
item_149,3.607240135382613,0.9223455143168116,0,-3.4715978746705267,0,1,food_drink,milk,noun
item_151,3.950234092842667,1.387082367839865,0,-2.223873048532071,0,1,food_drink,peach,noun
item_155,5.619389269658118,1.6719770130630862,0,-1.8293095759084153,0,1,food_drink,apple,noun
item_156,3.6223983077992417,0.7292046647618035,0,-4.221033210872112,0,1,clothing,apron,noun
item_157,2.568712683954017,0.10706672651267518,0,-6.928343555250395,0,1,clothing,overcoat,noun
item_158,5.997150051517173,1.2292613969330768,0,-2.5761941958782013,0,1,clothing,diaper,noun
item_159,5.824252176444384,1.095833377945964,0,-0.03004379347212621,0,1,clothing,shoes,noun
item_160,4.529571320204412,0.7726469719196317,0,-1.3791595164068264,0,1,clothing,socks,noun
item_161,3.3026787924889374,0.42703624751389435,0,-6.426274616097164,0,1,clothing,jeans,noun
item_162,4.119208489565801,0.4905165332430911,0,-4.526932365000556,0,1,clothing,shirt,noun
item_163,3.175811604351752,0.7142076297968653,0,-5.070197639535461,0,1,clothing,jacket,noun
item_164,5.906956294159654,1.0700444000318723,0,-7.138771810023669,0,1,clothing,skirt,noun
item_166,6.427807573928712,1.4613380133817864,0,-3.7746461023525906,0,1,clothing,pants,noun
item_172,6.40403773463022,1.5371995053608218,0,-7.268421167010241,0,1,clothing,gloves,noun
item_173,5.152044619359624,1.0124076930462815,0,-5.171391206437186,0,1,clothing,boots,noun
item_176,5.53850992673349,1.1546938990251159,0,-4.716441009666187,0,1,clothing,pajama,noun
item_177,4.644580154478149,0.6360352722554526,0,-3.1611687238003285,0,1,clothing,shorts,noun
item_178,4.291716084932016,1.0830475586290635,0,-7.0103545007695685,0,1,clothing,belt,noun
item_179,5.613496888872435,0.9140039393831264,0,-2.0247622909907084,0,1,clothing,hat,noun
item_180,6.223787216425543,1.4141262891276396,0,-5.727711585226343,0,1,clothing,button,noun
item_182,4.716161968921753,0.8763450173437266,0,-5.323582298195864,0,1,clothing,clothes,noun
item_183,4.212531019169018,0.8869406328613727,0,-4.791839712096977,0,1,clothing,ribbon,noun
item_185,6.8182219075922115,0.823678558133093,0,-1.4414442141056132,0,1,body_parts,leg,noun
item_186,7.789563798485629,1.0179346144226962,0,-2.8895925131167495,0,1,body_parts,head,noun
item_187,8.114098752394733,0.7885398114023779,0,-3.453552855111428,0,1,body_parts,buttocks,noun
item_188,1.8789865523648521,-0.012928220532236898,0,-1.3482991454822162,0,1,body_parts,penis,noun
item_189,2.927900247922205,0.24810935088034822,0,-1.0957372245578336,0,1,body_parts,breasts,noun
item_191,6.982557377685516,0.8412768787403248,0,-2.9697098791550083,0,1,body_parts,stomach,noun
item_192,5.229105654585262,0.9753880306231242,0,-3.3499557711020045,0,1,body_parts,navel,noun
item_193,7.803047957111451,1.0952992350013373,0,-5.139890888627097,0,1,body_parts,face,noun
item_195,5.025408252121173,0.5738489551048197,0,-3.237582938978867,0,1,body_parts,hair,noun
item_196,7.387716698397321,1.026344532243297,0,-2.997068225171768,0,1,body_parts,mouth,noun
item_199,4.9180473150002575,1.2189156777791859,0,-4.724913446557397,0,1,body_parts,tail,noun
item_201,6.131665362500026,1.1096069142257907,0,-4.7971575826128,0,1,body_parts,nail,noun
item_202,5.452139918261203,0.6555088866787304,0,-0.7524427181596097,0,1,body_parts,hand,noun
item_203,4.160471775220411,0.5780413038346474,0,-2.3786910852771084,0,1,body_parts,tooth,noun
item_204,6.173970754777992,0.8379123996357903,0,-2.1804688253061264,0,1,body_parts,nose,noun
item_205,4.781591606947155,0.8452763814087195,0,-5.405719375542534,0,1,body_parts,tongue,noun
item_206,5.024402073983097,0.9022587837923359,0,-3.4923011446224352,0,1,body_parts,cheek,noun
item_208,5.812438948467651,0.7794564180269321,0,-1.7176659500390974,0,1,body_parts,ear,noun
item_209,5.777073059819052,0.7904071463734031,0,-1.0415324565649455,0,1,body_parts,eye,noun
item_210,5.448252170275068,0.9431233235697848,0,-4.735887704461768,0,1,body_parts,finger,noun
item_211,7.011641223297044,0.795384367124508,0,-2.9380193900446026,0,1,furniture_rooms,chair,noun
item_214,7.6553551277364775,1.054885340931401,0,-3.8913935838628246,0,1,furniture_rooms,bath,noun
item_215,3.0061645789228537,0.20682963587427827,0,-5.347562324637258,0,1,furniture_rooms,potty,noun
item_216,6.371201735322681,1.2383492187188516,0,-6.480915179660261,0,1,furniture_rooms,curtain,noun
item_217,7.313029342964317,1.4906344034995678,0,-5.593453788607987,0,1,furniture_rooms,stairs,noun
item_219,5.155989298371651,0.818409242549268,0,-5.919054670814131,0,1,furniture_rooms,entrance,noun
item_221,6.723048386795046,1.0318916818339239,0,-5.971340980463595,0,1,furniture_rooms,shower,noun
item_223,4.152876030339014,0.6563066456565252,0,-8.235114319362985,0,1,furniture_rooms,stove,noun
item_224,4.1328268971060265,1.0664024884590468,0,-4.883547594648568,0,1,furniture_rooms,fan,noun
item_225,5.7931811209409645,0.8858731317556292,0,-7.597089292210745,0,1,furniture_rooms,kitchen,noun
item_227,3.902468443517622,0.7922892026482496,0,-6.741039914556248,0,1,furniture_rooms,wardrobe,noun
item_229,5.819011761266115,1.0015675570346338,0,-5.502059973863145,0,1,furniture_rooms,desk,noun
item_230,5.731647064618438,1.0302809667194368,0,-5.783540141536778,0,1,furniture_rooms,table,noun
item_231,6.83811608269579,1.2375721793390633,0,-4.441328911685135,0,1,furniture_rooms,television,noun
item_232,4.658673285025282,0.8842721795326897,0,-4.185038541941955,0,1,furniture_rooms,light,noun
item_233,6.130512053976773,0.8827983021037471,0,-5.157098651848213,0,1,furniture_rooms,door,noun
item_234,9.811207334938874,1.6247707925386552,0,-6.170632589705173,0,1,furniture_rooms,toilet,noun
item_236,4.811150510073446,0.9659442592884209,0,-5.092101667345761,0,1,furniture_rooms,piano,noun
item_237,5.405834681809883,0.9574100075905955,0,-8.593432687658455,0,1,furniture_rooms,drawer,noun
item_238,3.7750434870536784,0.8007798398386551,0,-6.22436427726762,0,1,furniture_rooms,video,noun
item_239,4.63578126688024,0.8585526064096509,0,-5.419867745811126,0,1,furniture_rooms,bed,noun
item_240,8.836836521532538,1.396384527941865,0,-9.76774223954026,0,1,furniture_rooms,room,noun
item_241,8.548384677018372,1.3860058025928155,0,-8.778881481360955,0,1,furniture_rooms,window,noun
item_242,6.128937284446253,1.006237913630941,0,-5.85602947046941,0,1,furniture_rooms,refrigerator,noun
item_245,5.533326559429004,0.8923008013941758,0,-5.684725491294009,0,1,household,picture,noun
item_246,5.704150865908903,0.6516877406685105,0,-5.5326286978344434,0,1,household,money,noun
item_247,7.563280749126579,1.0257902981621387,0,-5.379213293460322,0,1,household,dish,noun
item_248,4.620331584870074,0.7173086781321164,0,-3.491157307520837,0,1,household,key,noun
item_250,5.571098466555503,0.9802846287868728,0,-2.7955138081692947,0,1,household,umbrella,noun
item_251,5.269183724244895,0.9636533097145319,0,-4.295915881045583,0,1,household,bag,noun
item_252,7.291128731402909,1.2474008492631576,0,-6.582107028924664,0,1,household,paper,noun
item_253,6.305730571727908,0.9842165737918354,0,-6.510863784070376,0,1,household,camera,noun
item_256,3.8780529528529577,0.48836274806908114,0,-4.862641039091615,0,1,household,comb,noun
item_257,6.768833158443009,0.9934383038913499,0,-5.57289182263912,0,1,household,medicine,noun
item_258,5.727204316039802,0.7704305383948922,0,-2.8606366800884873,0,1,household,cup,noun
item_259,6.9989298779119125,1.4213293668915694,0,-6.275378885562422,0,1,household,trash_box,noun
item_260,7.738453802258262,0.9009532283083568,0,-9.268011105599152,0,1,household,wallet,noun
item_261,5.866688854007296,0.9276213688622059,0,-6.493349418022838,0,1,household,shampoo,noun
item_263,5.252633350860708,0.8218897854425596,0,-2.6668691639215623,0,1,household,spoon,noun
item_167,4.314617662677266,0.8796880992794167,0,-4.1940137448778305,0,1,clothing,slippers,noun
item_264,6.256383393162206,1.1787156136556447,0,-6.924116182104583,0,1,household,soap,noun
item_266,5.918850085372953,0.9986692580635816,0,-6.05673384596419,0,1,household,vacuum_cleaner,noun
item_267,6.136604458586725,0.8298568910782281,0,-4.8233343011386856,0,1,household,towel,noun
item_268,5.934316781887689,0.7096710222026245,0,-8.021298685946636,0,1,household,bowl,noun
item_269,4.974996794190998,0.49862119960680346,0,-3.306612637100689,0,1,household,tissue,noun
item_271,4.360827568027396,0.6014523375263287,0,-5.234346386651688,0,1,household,battery,noun
item_272,6.436993242170288,1.2029747621018752,0,-4.91497778286152,0,1,household,phone,noun
item_273,5.71862116664698,1.245508012126712,0,-4.851001636531411,0,1,household,clock,noun
item_276,6.68324363192643,1.4051576229371987,0,-7.91461133256226,0,1,household,bucket,noun
item_277,7.4110813297436415,1.3893571732037497,0,-8.279915770399892,0,1,household,box,noun
item_278,8.328528642281547,1.305440151547158,0,-7.282098031903062,0,1,household,scissors,noun
item_279,5.939027966011561,0.8351806314094377,0,-4.7653576696340245,0,1,household,chopsticks,noun
item_281,7.119032982759758,1.1907059440975893,0,-9.035910722950165,0,1,household,handkerchief,noun
item_280,6.2486815083064755,1.0382709003009563,0,-4.525508635003346,0,1,household,toothbrush,noun
item_283,6.241836059495338,1.1667722388232542,0,-3.936240477911931,0,1,household,fork,noun
item_284,7.201124618693965,1.194792870879948,0,-5.906250728298639,0,1,household,futon,noun
item_286,4.592759427927071,0.5150156966216459,0,-6.8230317404201495,0,1,household,broom,noun
item_290,6.173862030957232,1.1761608345725572,0,-5.985989791706208,0,1,household,pillow,noun
item_291,5.414564490396314,1.1691685779260663,0,-3.580688671884858,0,1,household,glasses,noun
item_293,3.778406140913599,0.40682376286799854,0,-4.893878260973529,0,1,household,blanket,noun
item_294,7.2427151435678265,1.3368851446759817,0,-2.3425252419759506,0,1,outside,rain,noun
item_298,5.747191552095992,1.5856324935683306,0,-3.9561606747336207,0,1,outside,moon,noun
item_300,5.509994616837467,1.5078064035783771,0,-5.173842585606009,0,1,outside,sun,noun
item_302,4.3499362635352306,1.2142585002104274,0,-5.12300330146668,0,1,outside,river,noun
item_303,4.169062320444298,0.9806569145780527,0,-3.3635173052948004,0,1,outside,tree,noun
item_306,4.035620893278904,0.6407103875796601,0,-4.828493163890572,0,1,outside,scoop,noun
item_307,7.377596721683662,1.4059131239135088,0,-7.128273010412013,0,1,outside,sandpit,noun
item_308,6.666132833696345,1.2361674330263948,0,-4.629213444351722,0,1,outside,slide,noun
item_309,7.203437356852593,1.6782405572257495,0,-7.09740209067815,0,1,outside,sky,noun
item_310,5.14564919201258,0.823930931535546,0,-6.999230246144165,0,1,outside,garden,noun
item_313,3.2168422926129097,0.6678888048763459,0,-0.8379566863795438,0,1,outside,leaf,noun
item_314,5.892842929127057,1.2757087766936959,0,-2.7415338398941893,0,1,outside,flower,noun
item_315,6.155986081119221,0.875402811811502,0,-5.347803872274971,0,1,outside,pool,noun
item_316,6.680316023413634,1.3370585345131343,0,-5.4231295686027705,0,1,outside,swing,noun
item_319,4.41939064563237,1.2252319359150385,0,-3.2399208768453414,0,1,outside,star,noun
item_323,5.291887874244766,1.1735012954958246,0,-5.0470357133821215,0,1,outside,snow,noun
item_401,3.513094040830006,0,1.0018169798988426,-4.654388611702684,0,1,action_words,go_up,predicate
item_402,4.876513559989526,0,1.6147896995514157,-2.047610464887776,0,1,action_words,open,predicate
item_403,5.515964316548502,0,1.2637553514773399,-4.909965422250367,0,1,action_words,rise,predicate
item_404,9.466320003698721,0,2.5047299285661664,-5.517718966046167,0,1,action_words,play,predicate
item_405,7.0721066346367865,0,1.5412921069278724,-5.096935963457311,0,1,action_words,wash,predicate
item_406,3.859516278761226,0,1.3533686521020418,-2.2874037868193557,0,1,action_words,exist,predicate
item_407,6.77537364941561,0,1.8436518220330815,-4.05817230637347,0,1,action_words,walk,predicate
item_409,4.989549679396594,0,1.3968234567335402,-2.0284872987262443,0,1,action_words,go,predicate
item_411,4.029999571072228,0,1.4513325131760844,-3.15590828193241,0,1,action_words,be_there,predicate
item_412,6.245862215131741,0,1.7936678986401373,-4.964342284259487,0,1,action_words,put_in,predicate
item_413,8.138735627916871,0,2.0727209608458286,-6.655999119765327,0,1,action_words,sing,predicate
item_414,6.7859122279058885,0,2.3979954558489176,-4.113956149591057,0,1,action_words,get_up,predicate
item_415,6.882096919118115,0,1.8756657486634214,-6.1936652266422465,0,1,action_words,put,predicate
item_416,6.4022420311860655,0,1.3479365915496941,-6.726979145560189,0,1,action_words,get_angry,predicate
item_418,3.996359182989659,0,1.6384938003235092,-2.355534444831097,0,1,action_words,fall,predicate
item_422,5.462884992696521,0,1.806167801416007,-4.012804999937169,0,1,action_words,get_off,predicate
item_425,8.774025610015537,0,2.36958360795375,-5.684893521124829,0,1,action_words,go_home,predicate
item_426,6.404422067486747,0,1.9694769657378528,-4.871420156519433,0,1,action_words,write,predicate
item_429,5.013868786723665,0,1.88274437213574,-4.569173734415242,0,1,action_words,lend,predicate
item_430,4.675545395095119,0,1.3906982437570816,-3.8277316654876667,0,1,action_words,clean_up,predicate
item_435,7.892349465774173,0,2.243785311097247,-5.915714215242627,0,1,action_words,wear,predicate
item_438,4.856771484222169,0,1.6346282033880786,-3.93324492588564,0,1,action_words,come,predicate
item_440,6.604715976096858,0,1.9705749288514451,-6.05320081796174,0,1,action_words,spill,predicate
item_441,7.791420845432771,0,2.1766115874557763,-7.22829789413171,0,1,action_words,fall,predicate
item_444,7.307210125680671,0,2.1580647010046206,-6.196091366730423,0,1,action_words,close,predicate
item_446,4.834315177745545,0,1.2398782072248051,-2.1929494021863953,0,1,action_words,like,predicate
item_447,5.570476977129079,0,1.5310496709049046,-4.742355100547825,0,1,action_words,throw_away,predicate
item_448,4.9125863019235965,0,1.3740629432034932,-4.40499085414053,0,1,action_words,do,predicate
item_449,7.2663716667091185,0,2.3307667003023047,-5.440232512618659,0,1,action_words,sit,predicate
item_450,2.8783844544283608,0,0.8398334473392307,-2.628370084595826,0,1,action_words,hug,predicate
item_453,6.9032975285675375,0,1.607647813435959,-7.012000058492232,0,1,action_words,hit,predicate
item_454,4.336228871481202,0,1.4388724408806743,-3.2997244806641364,0,1,action_words,stand,predicate
item_455,7.342448463116293,0,2.2145284004596513,-3.8425111024811014,0,1,action_words,eat,predicate
item_460,5.522040557371285,0,2.1948484332616784,-3.857553767364907,0,1,action_words,can_do,predicate
item_461,3.9983693500185598,0,1.7368526033356406,-3.9152582961200055,0,1,action_words,get_out,predicate
item_464,6.120610447657032,0,2.0135475679295123,-5.485767210639628,0,1,action_words,take,predicate
item_466,7.516342819044,0,2.223622105649141,-5.583168639237785,0,1,action_words,cry,predicate
item_467,7.906255729697928,0,2.2619372114468645,-7.671184975201498,0,1,action_words,throw,predicate
item_471,8.77015899959611,0,2.1558568889091605,-6.695034712705765,0,1,action_words,take_off,predicate
item_473,4.97414167046381,0,1.9905421224080675,-2.4179866174857696,0,1,action_words,sleep,predicate
item_475,7.024815060556003,0,2.4716149066979973,-3.8717067568646897,0,1,action_words,drink,predicate
item_476,8.770440891057499,0,2.9291442446495783,-6.644284678751915,0,1,action_words,get_on,predicate
item_477,5.34306700990919,0,1.83804540514061,-5.04761964158668,0,1,action_words,enter,predicate
item_478,6.481925265752896,0,1.8082345988025506,-4.656104432229604,0,1,action_words,wear,predicate
item_483,6.401127040193749,0,2.0097208056085525,-5.938387237387077,0,1,action_words,wipe,predicate
item_486,5.3383788331554,0,1.8042139122450043,-3.9413196714454024,0,1,action_words,want,predicate
item_487,6.393427975257767,0,2.185360134444419,-6.084264161052461,0,1,action_words,wait,predicate
item_490,5.806799185643622,0,2.0659336663046637,-6.808250689127636,0,1,action_words,show,predicate
item_491,5.456312746229044,0,1.8484769539916075,-4.142955694786054,0,1,action_words,look,predicate
item_493,7.6954462086861914,0,2.4560855570971056,-6.215628538435709,0,1,action_words,have,predicate
item_494,6.376861061872431,0,1.9774574262399316,-7.15051000084775,0,1,action_words,bring_up,predicate
item_497,6.348789487440389,0,1.8608931884912183,-6.4203337371717515,0,1,action_words,stop,predicate
item_498,5.408158544314374,0,1.820702144088642,-5.3390128164368065,0,1,action_words,do,predicate
item_501,7.322089891571429,0,2.4244298504461543,-5.7471209939920245,0,1,action_words,read,predicate
item_503,5.991061776282408,0,1.496995447116717,-5.928035661127911,0,1,action_words,laugh,predicate
item_517,3.9559437049946475,0,1.565307612652077,-1.9658364540411486,0,1,descriptive_words,red,predicate
item_520,3.374108295183758,0,1.327297184094003,-0.3983061386489089,0,1,descriptive_words,hot,predicate
item_521,4.683453046031706,0,1.7778258097559274,-2.9451395242377423,0,1,descriptive_words,sweet,predicate
item_522,4.01112324712748,0,1.249159668463265,-3.247282322652733,0,1,descriptive_words,good,predicate
item_524,4.162314643529131,0,1.392344170034028,-0.38777614304086466,0,1,descriptive_words,painful,predicate
item_526,4.350086924995373,0,0.7778470928076675,-4.987314853729924,0,1,descriptive_words,noisy,predicate
item_527,4.943177663348536,0,1.1250817546374223,-5.53081531020351,0,1,descriptive_words,glad,predicate
item_528,4.021487659501063,0,1.3984954859653258,-0.6066104334031464,0,1,descriptive_words,delicious,predicate
item_532,5.154772297389393,0,1.6262064105686591,-3.510670017081323,0,1,descriptive_words,heavy,predicate
item_533,3.5752837790479117,0,0.5989409888280893,-4.741473315717748,0,1,descriptive_words,clever,predicate
item_535,4.490032346353092,0,1.145215369052019,-3.3759177448047533,0,1,descriptive_words,itchy,predicate
item_536,3.9208702157294435,0,0.8497412223563807,-3.4350413336061654,0,1,descriptive_words,spicy,predicate
item_537,3.2377283497411433,0,0.9298639698549989,-3.7773517317245857,0,1,descriptive_words,empty,predicate
item_538,4.025660226105035,0,1.183943508724155,-1.9525052095140691,0,1,descriptive_words,cute,predicate
item_539,5.6462069683980936,0,1.3674788890287377,-7.255755021622267,0,1,descriptive_words,pity,predicate
item_541,4.192664232252955,0,1.0813708805177125,-4.259244274096211,0,1,descriptive_words,dirty,predicate
item_542,4.122034943141703,0,1.1832653274322624,-4.140528276180579,0,1,descriptive_words,dislike,predicate
item_543,3.580331051556415,0,1.3268054682173218,-3.066595073755101,0,1,descriptive_words,clean,predicate
item_544,3.063166122234676,0,0.37310094572543623,-2.7443555312403043,0,1,descriptive_words,odor,predicate
item_545,6.128314725684373,0,2.0400682988432353,-4.891491839217046,0,1,descriptive_words,dark,predicate
item_548,4.366971735261853,0,1.0885763659576597,-2.128054018106353,0,1,descriptive_words,scary,predicate
item_549,5.827233799277017,0,1.7021793522469522,-4.690332358103431,0,1,descriptive_words,cold,predicate
item_551,7.019710491351059,0,1.9097980870709828,-8.975320775906944,0,1,descriptive_words,quiet,predicate
item_552,3.900628220285571,0,1.3093470098829467,-2.6747396903127583,0,1,descriptive_words,good,predicate
item_555,3.1924938831164456,0,0.9169251908334003,-2.983866301155233,0,1,descriptive_words,sour,predicate
item_556,3.561924949617801,0,0.9932009764037534,-3.3434591098992255,0,1,descriptive_words,important,predicate
item_557,5.411270132417926,0,1.7844947599215686,-4.244523813434888,0,1,descriptive_words,all_right,predicate
item_558,5.240997176840986,0,1.9621909956755035,-4.933271601725841,0,1,descriptive_words,high,predicate
item_560,6.081404594201238,0,2.230813173636328,-4.311478575901707,0,1,descriptive_words,small,predicate
item_561,5.436784126416221,0,1.8312508955676619,-3.9552859623571166,0,1,descriptive_words,wrong,predicate
item_563,4.675025412425191,0,1.3101817792313966,-3.0239070128933303,0,1,descriptive_words,cold,predicate
item_564,3.4940405643853985,0,1.2957278190995238,-0.932563248780596,0,1,descriptive_words,none,predicate
item_566,7.212671447571568,0,1.7708319379022477,-6.6822014654240265,0,1,descriptive_words,wet,predicate
item_567,5.000379762892977,0,1.3289198786404919,-3.8711469733771704,0,1,descriptive_words,sleepy,predicate
item_568,6.154690444291979,0,2.0563527304494786,-5.738566788258036,0,1,descriptive_words,fast,predicate
item_572,5.469429597861513,0,2.113332128183373,-4.993441385730577,0,1,descriptive_words,round,predicate
item_578,7.3982444824591,0,1.6020087158064509,-9.926422095921462,0,1,descriptive_words,bad,predicate
item_19,4.937139363221716,1.3444489679896148,0,-3.871439812153383,0,1,animals,shrimp,noun
item_20,4.275958637277875,1.5684195481764438,0,-5.443169984257715,0,1,animals,wolf,noun
item_26,5.333632111839329,2.1211552620358902,0,-5.138074147272763,0,1,animals,fox,noun
item_28,4.6687113355060035,1.7928151655753868,0,-4.519938534188602,0,1,animals,whale,noun
item_31,4.293668286480702,1.664771713741923,0,-3.608266574752509,0,1,animals,gorilla,noun
item_36,5.574823576791424,2.2069290526675176,0,-5.563034857796687,0,1,animals,raccoon,noun
item_47,5.945226709382317,2.4706686295965237,0,-5.7473678312284395,0,1,animals,sheep,noun
item_58,2.8792447610929757,0.9993162931712293,0,-3.9115476684292503,0,1,vehicles,tricycle,noun
item_60,3.527759913557663,1.2242703970603483,0,-2.155515452050788,0,1,vehicles,fire_engine,noun
item_61,2.130365103553033,1.040155233844298,0,-3.138780719238133,0,1,vehicles,dump_truck,noun
item_64,3.629402219552574,1.0798305312809846,0,-3.0310537967526376,0,1,vehicles,motorcycle,noun
item_69,4.037851011422143,1.6379039576001377,0,-3.6880240189798306,0,1,vehicles,helicopter,noun
item_73,5.341416897301164,1.695528678598039,0,-4.707722666158777,0,1,toys,crayon,noun
item_74,3.9683236046882824,0.7211096662065838,0,-5.408646610977628,0,1,toys,game,noun
item_75,5.3939129359886815,1.4002515808070237,0,-4.427809428239003,0,1,toys,soap_bubble,noun
item_76,5.468454743891138,1.6413926753052248,0,-5.231526366872606,0,1,toys,drum,noun
item_79,4.95314579106739,1.0436220412261572,0,-5.709087324817217,0,1,toys,clay,noun
item_80,4.464813979376709,1.0281746230009396,0,-5.621994440926395,0,1,toys,paste,noun
item_81,5.733114560844922,1.1749954926296122,0,-5.38890806807283,0,1,toys,puzzle,noun
item_82,3.351360054274048,1.1160101613725077,0,-6.983475858428659,0,1,toys,bat,noun
item_84,6.507037873313949,1.6231502882089415,0,-7.627377762037721,0,1,toys,present,noun
item_85,3.691559895408858,0.7257508965223192,0,-3.19272734709468,0,1,toys,pen,noun
item_92,5.096318816292516,1.3402646868766384,0,-3.429912423334871,0,1,food_drink,sweet_potato,noun
item_93,5.9129599231681444,0.7162691617936214,0,-3.6272985421241977,0,1,food_drink,sweets,noun
item_94,4.374920880826504,1.193431305716437,0,-6.87427288814485,0,1,food_drink,sugar,noun
item_95,5.082272431356365,0.9495764518536003,0,-5.183507117857792,0,1,food_drink,sushi,noun
item_98,3.9549882735609443,1.4911950329052213,0,-4.842325977019091,0,1,food_drink,persimmon,noun
item_99,5.613572877598758,1.7717309973561215,0,-4.010213266534197,0,1,food_drink,pumpkin,noun
item_100,3.494648055439744,0.15997474987837798,0,-6.092451569286789,0,1,food_drink,gum,noun
item_103,5.057043212734185,1.5453386098803714,0,-3.7006590972364957,0,1,food_drink,cucumber,noun
item_104,4.632071260727,1.2058085465275037,0,-4.104680821777846,0,1,food_drink,cookie,noun
item_106,3.8260219836769918,0.6954885192182535,0,-4.073499247257056,0,1,food_drink,coffee,noun
item_107,3.36739092446396,0.6820172812833439,0,-3.0803957461902916,0,1,food_drink,ice,noun
item_108,3.9426909796881864,1.0333295268760085,0,-3.3095378548376897,0,1,food_drink,corn,noun
item_111,6.808811034001974,1.7553614509668192,0,-7.151740468930635,0,1,food_drink,sandwich,noun
item_112,4.44685861065195,1.2173183778781458,0,-5.387974889081115,0,1,food_drink,jam,noun
item_114,5.371476702479245,1.1123242757884948,0,-7.242182658692287,0,1,food_drink,soy_sauce,noun
item_116,4.68057971903322,1.2606584524159554,0,-3.3828666512987025,0,1,food_drink,soup,noun
item_117,4.117092440510669,1.1235156614525483,0,-3.9860665947260685,0,1,food_drink,spaghetti,noun
item_118,3.6754868361550734,0.6752798161505978,0,-2.273421451094574,0,1,food_drink,jelly,noun
item_119,5.135860503077022,1.2888830241680538,0,-4.355602387181708,0,1,food_drink,rice_crackers,noun
item_120,5.150372591698609,1.707080782231188,0,-4.497877627769431,0,1,food_drink,radish,noun
item_123,5.392920522728062,0.7822353498255749,0,-5.338233234103107,0,1,food_drink,chocolate,noun
item_125,5.999641803216422,1.651786707766666,0,-4.703821924335478,0,1,food_drink,donut,noun
item_127,4.191213433873776,1.3396583813516982,0,-4.342041854093531,0,1,food_drink,pear,noun
item_128,5.851985482262624,2.1934112326259565,0,-5.6099822657242235,0,1,food_drink,eggplant,noun
item_129,4.329016276083285,1.0660610620360949,0,-2.4737003486603517,0,1,food_drink,natto,noun
item_132,5.045111555109738,1.1465849068323066,0,-3.347532085654457,0,1,food_drink,seaweed,noun
item_133,5.021920109369075,1.3603334664252795,0,-6.837027107581393,0,1,food_drink,butter,noun
item_136,4.19253466686696,0.8564750807647459,0,-3.9867472220875175,0,1,food_drink,ham,noun
item_137,6.806960084882136,1.6110205304340066,0,-4.918746686157003,0,1,food_drink,hamburger,noun
item_138,5.390983289486231,2.029343942578141,0,-4.465150599050214,0,1,food_drink,green_pepper,noun
item_141,6.365262995678039,1.9701543445621905,0,-7.116058356980386,0,1,food_drink,spinach,noun
item_142,2.9605162813381187,0.3221161572958582,0,-5.725075183922996,0,1,food_drink,pocky,noun
item_143,5.207050568836677,1.4206106979340436,0,-5.140606215322127,0,1,food_drink,pancake,noun
item_144,2.910195666910609,0.7247680165909095,0,-3.4660127989419003,0,1,food_drink,potato_chips,noun
item_150,4.8682581745143105,1.7237096492899289,0,-4.2060437615420065,0,1,food_drink,melon,noun
item_152,6.942122896544018,1.5337020068443747,0,-6.444726076757782,0,1,food_drink,vegetable,noun
item_153,5.421096999531198,1.4495858599637996,0,-3.4717431514482673,0,1,food_drink,yogurt,noun
item_154,4.347758507966033,1.010642427635072,0,-4.146043521379888,0,1,food_drink,ramen,noun
item_165,1.7887081852525446,0.37660414476926635,0,-4.55156029114399,0,1,clothing,zuck,noun
item_168,5.410460070362089,1.368348651830567,0,-8.899130100039574,0,1,clothing,sweater,noun
item_169,2.5880768495624835,0.6616160947219701,0,-4.9034350422281845,0,1,clothing,socks,noun
item_170,4.281993492996819,0.6632884173978305,0,-7.828535217258152,0,1,clothing,tights,noun
item_171,4.312878370095827,0.9476755592895538,0,-6.394629520692846,0,1,clothing,zipper,noun
item_174,5.404358903536884,1.0792642475152252,0,-9.747334659370729,0,1,clothing,tie,noun
item_175,5.244414768929387,1.1481016042557664,0,-8.77040256237862,0,1,clothing,necklace,noun
item_181,4.713791774094952,1.3414419229861199,0,-7.566329292910337,0,1,clothing,scarf,noun
item_184,4.599807792673695,1.070365258288133,0,-5.426038710616456,0,1,body_parts,chin,noun
item_190,5.3760930412505115,1.2877705181001178,0,-5.372626735576506,0,1,body_parts,forehead,noun
item_194,5.352627418512105,1.4332873705393259,0,-5.4975035928554306,0,1,body_parts,shoulder,noun
item_197,6.578101638389098,1.3065331564504694,0,-6.554902083679366,0,1,body_parts,neck,noun
item_198,7.237415414639567,1.3058229494825504,0,-7.828935320825713,0,1,body_parts,injury,noun
item_200,7.827416362745294,1.5564566295560769,0,-7.581429834936357,0,1,body_parts,back,noun
item_207,3.9902743775691243,1.0340492504210788,0,-4.734380941484867,0,1,body_parts,eyebrow,noun
item_212,3.6640945717046454,1.1264070584996762,0,-5.686421882395286,0,1,furniture_rooms,air_conditioner,noun
item_213,4.069589844625385,0.6329934543313158,0,-7.902577671884195,0,1,furniture_rooms,closet,noun
item_218,4.231810615789438,0.9606151972776541,0,-7.419548006713551,0,1,furniture_rooms,shoes_rack,noun
item_220,3.0286987846970717,0.5685167442162147,0,-6.545463988311206,0,1,furniture_rooms,kotatsu,noun
item_222,4.461756705929607,0.7770010904797129,0,-7.168024455536479,0,1,furniture_rooms,water_crew,noun
item_226,5.841435694049273,0.8853324932907145,0,-10.346578855713027,0,1,furniture_rooms,tatami,noun
item_228,4.523864248117399,0.8737373084486808,0,-6.350577119335498,0,1,furniture_rooms,parking_lot,noun
item_235,4.079013045933848,0.6172800715202557,0,-5.150304993199288,0,1,furniture_rooms,hairdryer,noun
item_243,4.114308787597316,0.6671229095415862,0,-5.823005318793047,0,1,furniture_rooms,range,noun
item_244,4.59844823387035,0.5787502695342068,0,-7.71729963519409,0,1,household,iron,noun
item_249,6.665310132601033,0.9178560049540344,0,-8.190945938094103,0,1,household,basket,noun
item_254,5.771252759056316,1.0214792725227397,0,-8.72658490534516,0,1,household,can,noun
item_255,6.815221533019258,0.5526625217988914,0,-12.555823594346114,0,1,household,nail,noun
item_262,6.285687325404679,1.002284294832805,0,-5.950942061454915,0,1,household,straw,noun
item_265,6.2469941471563715,0.7562139651861592,0,-9.805474513713007,0,1,household,rag,noun
item_270,5.438652125198322,0.8258655888564116,0,-6.241671943808939,0,1,household,tape,noun
item_274,5.666912343398039,0.8490352423210755,0,-9.01513807120223,0,1,household,knife,noun
item_275,6.547840036148526,1.5854638189738786,0,-7.97539130178036,0,1,household,pan,noun
item_282,5.448879279192646,1.0548387855542685,0,-8.614225478534504,0,1,household,bottle,noun
item_285,6.247640542087068,1.4857283893536692,0,-7.42824368082089,0,1,household,frying_pan,noun
item_287,5.7717169710757785,1.3535490787831237,0,-6.45563133188818,0,1,household,kitchen_knife,noun
item_288,7.2711865644602955,0.9767712995444424,0,-12.756338406675155,0,1,household,pot,noun
item_289,5.472958207070775,0.5885510949502717,0,-7.64909557654176,0,1,household,microphone,noun
item_292,4.607778203210404,0.6820492404094827,0,-8.579892568861633,0,1,household,alarm_clock,noun
item_295,6.1671849927405145,1.4297838320415655,0,-3.9350596783647482,0,1,outside,stone,noun
item_296,4.5281384267681295,0.6396533536070542,0,-8.356810755581236,0,1,outside,rock,noun
item_297,5.688466233343233,1.056356188438372,0,-8.039186083074249,0,1,outside,branch,noun
item_299,6.3435544046594705,1.3881698875152089,0,-7.466469740163026,0,1,outside,weather,noun
item_301,6.490277432809808,1.5888123553668902,0,-6.214608060121187,0,1,outside,wind,noun
item_304,4.976999604504513,0.9587092098474626,0,-5.138134458337606,0,1,outside,grass,noun
item_305,6.690932257917034,1.6528231545472774,0,-6.035376572329972,0,1,outside,cloud,noun
item_311,4.510806629838826,0.8019475043989781,0,-6.912736897776865,0,1,outside,ladder,noun
item_312,5.286567519011081,0.9646161990133639,0,-7.973765014909623,0,1,outside,flag,noun
item_317,6.471569511330003,0.9356363361134769,0,-9.03033924962534,0,1,outside,veranda,noun
item_318,6.3678164398047565,1.0542449323990013,0,-10.02479726130675,0,1,outside,hose,noun
item_320,4.2279700930014075,0.4947633961716251,0,-7.996622665666361,0,1,outside,watering,noun
item_321,8.240310283452692,1.5441292942486942,0,-9.560210861116486,0,1,outside,road,noun
item_322,7.445377119012718,1.4788294952262735,0,-10.16679631625268,0,1,outside,roof,noun
item_324,5.591148740047016,1.2427944260765242,0,-6.602265703227371,0,1,outside,snowman,noun
item_408,7.1735243470034264,0,1.6517747645913052,-6.656997303921639,0,1,action_words,say,predicate
item_410,3.7793338995741497,0,0.9460479869694868,-3.0829922150709677,0,1,action_words,need,predicate
item_417,6.726023749305344,0,1.5914662776411872,-6.634578675024372,0,1,action_words,push,predicate
item_419,6.300695095179797,0,1.355244227862267,-6.679610406034251,0,1,action_words,dance,predicate
item_420,1.86914473223168,0,0.5347973160252947,-4.098091359806527,0,1,action_words,to_piggyback,predicate
item_421,6.668330055324895,0,1.8171849965968672,-8.010758981470683,0,1,action_words,swim,predicate
item_423,6.245986872753759,0,1.8456948216919482,-4.956812956095171,0,1,action_words,end,predicate
item_424,7.350865468223221,0,1.989345799240768,-6.346376744191707,0,1,action_words,buy,predicate
item_427,7.886769772416331,0,2.1130108730100314,-9.818981691091116,0,1,action_words,hide,predicate
item_428,6.281667421997848,0,1.634380142917785,-9.051329504278439,0,1,action_words,hang,predicate
item_431,5.703766433156417,0,1.800566473325413,-6.989551943295895,0,1,action_words,put_on,predicate
item_432,4.768727258147549,0,1.355282041252157,-5.713704227960142,0,1,action_words,disappear,predicate
item_433,8.094824094670258,0,1.783994663091581,-8.888380231575615,0,1,action_words,listen,predicate
item_434,5.177153349123058,0,1.642339760966292,-5.458713687445635,0,1,action_words,hear,predicate
item_436,7.262689937217727,0,1.988564391217068,-7.44325710426197,0,1,action_words,cut,predicate
item_437,5.253229433394181,0,1.799897518334667,-5.436220666708912,0,1,action_words,stick,predicate
item_439,6.307244341454861,0,1.662070831214814,-7.21314524395807,0,1,action_words,kick,predicate
item_442,8.042387036857159,0,2.097610723291166,-7.678733775805111,0,1,action_words,break_down,predicate
item_443,7.839482621027739,0,2.013035390090398,-8.432944683015423,0,1,action_words,touch,predicate
item_445,8.426550939311186,0,2.354921300468191,-10.747654982677249,0,1,action_words,know,predicate
item_451,6.569661513499786,0,1.895681577536148,-7.0481377680853745,0,1,action_words,put_out,predicate
item_452,5.521338601094981,0,1.5571899861739233,-6.464399416705978,0,1,action_words,help,predicate
item_456,9.054144813763154,0,2.1987488076659667,-9.914317362781635,0,1,action_words,catch,predicate
item_457,5.249722148134232,0,1.7751212546879285,-5.8134244843269105,0,1,action_words,reach,predicate
item_458,9.444596504235228,0,2.52820855486791,-9.19556534644265,0,1,action_words,create,predicate
item_459,6.540464351737487,0,1.9393709640461751,-8.05070350040906,0,1,action_words,attach,predicate
item_462,6.149495106597287,0,1.8217589207216192,-5.963970240317583,0,1,action_words,jump,predicate
item_463,8.284641112804728,0,2.4895921768217226,-8.342229417766875,0,1,action_words,stop,predicate
item_465,5.270606481433936,0,1.5393429704291741,-5.999718251168877,0,1,action_words,fix,predicate
item_468,8.263003455237124,0,2.18937854095259,-10.175236008638295,0,1,action_words,lick,predicate
item_469,5.688621133114834,0,2.30564992991303,-7.2629759256671615,0,1,action_words,become,predicate
item_470,6.888029495419666,0,1.7025668245720822,-8.01996609395779,0,1,action_words,escape,predicate
item_472,6.712997298864061,0,2.1848154681282264,-7.495560338948727,0,1,action_words,paint,predicate
item_474,7.187920534478831,0,2.2711464276310873,-7.853172376425916,0,1,action_words,climb,predicate
item_479,7.120895151217914,0,2.130793261290331,-8.645202357910579,0,1,action_words,carry,predicate
item_480,7.75543458752053,0,2.1370114678129286,-6.72569114225219,0,1,action_words,run,predicate
item_481,8.507316063835235,0,2.064946538006388,-9.56340273803355,0,1,action_words,pull,predicate
item_482,9.451470496316622,0,2.6653381996413783,-10.478709037880469,0,1,action_words,pick_up,predicate
item_484,5.6937829648715885,0,1.7478946447697803,-8.091360816921602,0,1,action_words,blow,predicate
item_485,8.224143593083655,0,2.315881583518237,-9.176764969488268,0,1,action_words,collide,predicate
item_488,7.844480779236825,0,2.245466915293987,-8.847501758763633,0,1,action_words,turn_around,predicate
item_489,5.90026919320661,0,1.9796079220809373,-6.092299735596309,0,1,action_words,appear,predicate
item_492,5.774477206926186,0,1.5285063963190744,-6.8686309120063225,0,1,action_words,peel,predicate
item_495,7.673061278816139,0,2.1624825478029517,-8.35277966238481,0,1,action_words,get,predicate
item_496,7.754149301316406,0,1.948123209175114,-8.82395519741421,0,1,action_words,break,predicate
item_499,9.15996969760395,0,2.048431718011562,-10.31715322162802,0,1,action_words,defile,predicate
item_500,7.7209042184716274,0,1.9351194490226498,-9.297906816160317,0,1,action_words,call,predicate
item_502,5.873588538219276,0,2.1378236262481787,-6.820464664708509,0,1,action_words,understand,predicate
item_516,3.307614336916561,0,1.6418443482806373,-1.506324141503831,0,1,descriptive_words,blue,predicate
item_518,5.126664708952761,0,1.7035405136554918,-4.973097718673403,0,1,descriptive_words,bright,predicate
item_519,5.761132940951173,0,1.4747343715517256,-6.879821234560621,0,1,descriptive_words,new,predicate
item_523,4.723701528462761,0,0.7325479959277593,-6.972987407279468,0,1,descriptive_words,mean,predicate
item_525,1.8361391899872384,0,0.6543696778394912,-2.192184754776011,0,1,descriptive_words,good,predicate
item_529,5.805282650936879,0,2.029286140842387,-2.519575068118497,0,1,descriptive_words,large,predicate
item_530,4.239366697073631,0,1.0634348716099837,-5.937257311527809,0,1,descriptive_words,funny,predicate
item_531,7.595835134309916,0,1.8754785715871993,-8.9711367595302,0,1,descriptive_words,slow,predicate
item_534,4.8390882675869324,0,1.4993890289013843,-4.36679025516826,0,1,descriptive_words,hard,predicate
item_540,5.04168744332258,0,1.0743567651112498,-7.858904210449238,0,1,descriptive_words,dried,predicate
item_546,4.341278047140887,0,1.845135589474884,-4.498637267959052,0,1,descriptive_words,black,predicate
item_547,5.52905901565637,0,1.6497627210478083,-6.344357828701741,0,1,descriptive_words,energy,predicate
item_550,4.077014951472271,0,1.4003324924084701,-5.337948501297141,0,1,descriptive_words,square,predicate
item_553,4.920810209141345,0,1.9896086474159604,-4.4091063415337155,0,1,descriptive_words,white,predicate
item_554,4.921973938950596,0,1.6540499563945856,-3.815742388360536,0,1,descriptive_words,great,predicate
item_559,5.403486150014034,0,1.7616340767846792,-4.693536252618611,0,1,descriptive_words,pleasant,predicate
item_562,5.478625308681626,0,1.309729431757332,-6.1422434276135105,0,1,descriptive_words,exhausted,predicate
item_565,6.092255024223576,0,2.3071427436655454,-5.751059470577721,0,1,descriptive_words,long,predicate
item_569,6.635962953520689,0,1.2707502609904457,-9.2067751943333,0,1,descriptive_words,sick,predicate
item_570,5.092854880284953,0,1.232046097274802,-6.831641218132626,0,1,descriptive_words,strange,predicate
item_571,4.4971919202445605,0,0.9980496207991127,-6.253742046889881,0,1,descriptive_words,bad_taste,predicate
item_573,4.868460165780269,0,2.1102072660292337,-3.95164684902515,0,1,descriptive_words,green,predicate
item_574,5.484679744240869,0,1.6264788974341815,-6.323805084678352,0,1,descriptive_words,difficult,predicate
item_575,6.001472076796157,0,1.581078411263027,-7.630244144321163,0,1,descriptive_words,easy,predicate
item_576,6.79886119204415,0,2.0027224386910643,-8.453259523490345,0,1,descriptive_words,soft,predicate
item_577,6.534870735520588,0,1.9083943235587726,-7.550053505947263,0,1,descriptive_words,slowly,predicate
