item_row,F1,F2,WS,category_en,definition_en,pos2,dominant_factor
item_13,0.817146877509081,-0.24061268008210993,item_13,animals,duck,noun,F1
item_14,0.8800711228823206,-0.16103697224672225,item_14,animals,ant,noun,F1
item_15,0.7350037060524217,-0.23419449693493127,item_15,animals,dog,noun,F1
item_16,0.9008644432243037,-0.2217521361245635,item_16,animals,rabbit,noun,F1
item_17,0.8306661265028156,-0.26949691468381154,item_17,animals,cow,noun,F1
item_18,0.8525668047055441,-0.24881043018176455,item_18,animals,horse,noun,F1
item_21,0.890114291067339,-0.25501954332808396,item_21,animals,frog,noun,F1
item_22,0.9056609351534533,-0.16665445247654384,item_22,animals,crab,noun,F1
item_23,0.8415717645433571,-0.270520632873719,item_23,animals,hippopotamus,noun,F1
item_24,0.9029174868227151,-0.21947692453172726,item_24,animals,turtle,noun,F1
item_25,0.8200834181828796,-0.30476315192756576,item_25,animals,crow,noun,F1
item_27,0.8846290912197567,-0.24747829402975802,item_27,animals,giraffe,noun,F1
item_29,0.8834556015112759,-0.20875662584226554,item_29,animals,bear,noun,F1
item_30,0.8466112579979774,-0.21906133644428125,item_30,animals,koala,noun,F1
item_32,0.9188938973012556,-0.20029491925423842,item_32,animals,fish,noun,F1
item_33,0.8940145542218751,-0.21862080093035133,item_33,animals,monkey,noun,F1
item_34,0.8115173578543697,-0.2710396707378064,item_34,animals,zebra,noun,F1
item_35,0.8708563044953354,-0.276071571051594,item_35,animals,elephant,noun,F1
item_37,0.8537910645141353,-0.17563072977879637,item_37,animals,butterfly,noun,F1
item_38,0.8733391637540772,-0.116277747954394,item_38,animals,animal,noun,F1
item_39,0.8505836148517903,-0.3311339420129894,item_39,animals,tiger,noun,F1
item_40,0.8910700670914053,-0.24482659501583864,item_40,animals,bird,noun,F1
item_41,0.8123101334649473,-0.3448049410761209,item_41,animals,chicken,noun,F1
item_42,0.7826725813838507,-0.22278425947062672,item_42,animals,cat,noun,F1
item_43,0.855757950235117,-0.3336898951643879,item_43,animals,mouse,noun,F1
item_44,0.8489140835180026,-0.2760125636950523,item_44,animals,bee,noun,F1
item_45,0.7534942827420459,-0.3124721561936636,item_45,animals,pigeon,noun,F1
item_46,0.8095140202163942,-0.33031679628110105,item_46,animals,panda,noun,F1
item_48,0.8236931488647394,-0.3233353123243566,item_48,animals,chick,noun,F1
item_49,0.8403897222501223,-0.31305611454306126,item_49,animals,pig,noun,F1
item_50,0.8758447582848019,-0.2230023024280293,item_50,animals,snake,noun,F1
item_51,0.8640294441082923,-0.2582284590014633,item_51,animals,penguin,noun,F1
item_52,0.8499784524791949,-0.08758348715654364,item_52,animals,insect,noun,F1
item_53,0.8264920001434312,-0.3445039953719041,item_53,animals,lion,noun,F1
item_54,0.8744453088067754,-0.2669295185175315,item_54,animals,squirrel,noun,F1
item_55,0.8592032313523525,-0.25427256611172033,item_55,animals,crocodile,noun,F1
item_56,0.6719358973325829,-0.2969935220027767,item_56,vehicles,locomotive,noun,F1
item_57,0.7751437750970708,-0.269222089628335,item_57,vehicles,car,noun,F1
item_59,0.8404208886214859,-0.1813240725626889,item_59,vehicles,bicycle,noun,F1
item_62,0.8115224433082029,-0.2718260409884678,item_62,vehicles,train,noun,F1
item_63,0.7774587218462258,-0.28298325381493017,item_63,vehicles,truck,noun,F1
item_65,0.8459152510352784,-0.20940616558406167,item_65,vehicles,bus,noun,F1
item_66,0.7488810280183283,-0.3123322114772364,item_66,vehicles,police_car,noun,F1
item_67,0.8512639520613517,-0.2511913344919204,item_67,vehicles,airplane,noun,F1
item_68,0.8785464741843994,-0.17827151668244612,item_68,vehicles,ship,noun,F1
item_70,0.9040971462031491,-0.12842388401126198,item_70,toys,picture_book,noun,F1
item_71,0.8729119374384395,-0.06000619808365535,item_71,toys,pencil,noun,F1
item_72,0.9145438379074439,-0.011358992753399926,item_72,toys,toy,noun,F1
item_77,0.889908106401083,-0.12832126922567555,item_77,toys,building_blocks,noun,F1
item_78,0.8727287506682607,-0.030767847312276612,item_78,toys,doll,noun,F1
item_83,0.9286374426482485,-0.025929160258421624,item_83,toys,balloon,noun,F1
item_86,0.855596963900976,-0.11851278063460523,item_86,toys,ball,noun,F1
item_87,0.8236640159055475,-0.11073170027239099,item_87,toys,book,noun,F1
item_88,0.8558340617357855,0.06351953709630026,item_88,food_drink,ice_cream,noun,F1
item_89,0.7879434413828136,-0.011936685452715161,item_89,food_drink,candy,noun,F1
item_90,0.8855338568526654,-0.19412496016901643,item_90,food_drink,strawberry,noun,F1
item_91,0.8382459515136984,-0.08584573024499322,item_91,food_drink,udon,noun,F1
item_96,0.9229988256695368,-0.04709187411313854,item_96,food_drink,rice_ball,noun,F1
item_97,0.8129198551613585,0.02766593382904823,item_97,food_drink,tea,noun,F1
item_101,0.9330094911318481,-0.06166246575291806,item_101,food_drink,curry,noun,F1
item_102,0.874499220720481,-0.07174263429056839,item_102,food_drink,milk,noun,F1
item_105,0.8806354859317915,0.02171000227813481,item_105,food_drink,cake,noun,F1
item_109,0.9125272953833476,-0.02880802709124503,item_109,food_drink,rice,noun,F1
item_110,0.9303519827596061,-0.11331427782206452,item_110,food_drink,fish,noun,F1
item_113,0.8633539896982949,0.034047592706674366,item_113,food_drink,juice,noun,F1
item_115,0.8504190622560737,-0.16460925315745187,item_115,food_drink,watermelon,noun,F1
item_121,0.9377352518761604,-0.09339994466164012,item_121,food_drink,egg,noun,F1
item_122,0.7892957271672146,-0.09218231296911415,item_122,food_drink,cheese,noun,F1
item_124,0.8911224635336861,-0.1121217337166634,item_124,food_drink,tofu,noun,F1
item_126,0.9042220745903462,-0.2123119875189206,item_126,food_drink,tomato,noun,F1
item_130,0.9540011817067902,-0.04073752628402983,item_130,food_drink,meat,noun,F1
item_131,0.8860410178972618,-0.20818152070971307,item_131,food_drink,carrot,noun,F1
item_134,0.7918898829263511,-0.21154095424848757,item_134,food_drink,banana,noun,F1
item_135,0.8301437268025736,-0.16073638553604078,item_135,food_drink,bread,noun,F1
item_139,0.8787310909612968,-0.17898046845999635,item_139,food_drink,grape,noun,F1
item_140,0.8420585115415847,-0.038131101935662756,item_140,food_drink,pudding,noun,F1
item_145,0.8354686093059829,-0.09706301621978346,item_145,food_drink,bean,noun,F1
item_146,0.8952601015118625,-0.1507468882520376,item_146,food_drink,orange,noun,F1
item_147,0.8545688999636575,-0.04718910128222774,item_147,food_drink,water,noun,F1
item_148,0.8532047963190597,-0.1127867779217134,item_148,food_drink,miso_soup,noun,F1
item_149,0.7991011758161005,-0.14154009323797098,item_149,food_drink,milk,noun,F1
item_151,0.8043351920833756,-0.24856392526558369,item_151,food_drink,peach,noun,F1
item_155,0.8763458586034526,-0.1638919370881518,item_155,food_drink,apple,noun,F1
item_156,0.7958410028744333,-0.09432466376348711,item_156,clothing,apron,noun,F1
item_157,0.6918677777162131,-0.008124407852110417,item_157,clothing,overcoat,noun,F1
item_158,0.9076195608869622,-0.041871776922442,item_158,clothing,diaper,noun,F1
item_159,0.903706833249512,-0.059763016423755505,item_159,clothing,shoes,noun,F1
item_160,0.8572707939708137,0.0011304080421070174,item_160,clothing,socks,noun,F1
item_161,0.7564601142022646,-0.16721428846333644,item_161,clothing,jeans,noun,F1
item_162,0.8148456142280365,0.002133998882356305,item_162,clothing,shirt,noun,F1
item_163,0.7467136111596288,-0.08814057571428544,item_163,clothing,jacket,noun,F1
item_164,0.8976982834554522,-0.06276578557665945,item_164,clothing,skirt,noun,F1
item_166,0.9176776550275756,-0.08738448371993131,item_166,clothing,pants,noun,F1
item_172,0.9210629467570921,-0.04761030506205682,item_172,clothing,gloves,noun,F1
item_173,0.8784078176454639,-0.07092187554985688,item_173,clothing,boots,noun,F1
item_176,0.8950006513233348,-0.06289174994679701,item_176,clothing,pajama,noun,F1
item_177,0.8568072726236434,-9.423446851588365e-5,item_177,clothing,shorts,noun,F1
item_178,0.8451189978624072,-0.05126728319292057,item_178,clothing,belt,noun,F1
item_179,0.8988918448101305,-0.033699912622115295,item_179,clothing,hat,noun,F1
item_180,0.91933837902091,-0.0439494132084892,item_180,clothing,button,noun,F1
item_182,0.862472401231163,0.010781448856774001,item_182,clothing,clothes,noun,F1
item_183,0.8436858987801368,-8.493043737903103e-4,item_183,clothing,ribbon,noun,F1
item_185,0.9263901671563649,-0.012619366718182878,item_185,body_parts,leg,noun,F1
item_186,0.9442804576525978,0.020152425805293514,item_186,body_parts,head,noun,F1
item_187,0.9377901773669559,0.03570331860920575,item_187,body_parts,buttocks,noun,F1
item_188,0.5978392684649123,0.07371349462367122,item_188,body_parts,penis,noun,F1
item_189,0.7289147943809882,0.03671662135425219,item_189,body_parts,breasts,noun,F1
item_191,0.9300559016871379,0.028573390115975414,item_191,body_parts,stomach,noun,F1
item_192,0.884440981533077,-0.061891314592116685,item_192,body_parts,navel,noun,F1
item_193,0.936651376950057,0.017064406301313537,item_193,body_parts,face,noun,F1
item_195,0.8655971476586477,-0.0022672772572886043,item_195,body_parts,hair,noun,F1
item_196,0.9312914142299306,-0.019442612232364036,item_196,body_parts,mouth,noun,F1
item_199,0.8699320259383587,-0.14901575434820122,item_199,body_parts,tail,noun,F1
item_201,0.9110089556233892,-0.02771123791141768,item_201,body_parts,nail,noun,F1
item_202,0.8870615156954442,-0.040179319565717006,item_202,body_parts,hand,noun,F1
item_203,0.8285420284254312,-0.037433379285131754,item_203,body_parts,tooth,noun,F1
item_204,0.9138583228479877,-0.011530976959967944,item_204,body_parts,nose,noun,F1
item_205,0.8604740516191594,-0.02985920706684956,item_205,body_parts,tongue,noun,F1
item_206,0.8819778809081132,-0.0032444413402947896,item_206,body_parts,cheek,noun,F1
item_208,0.8995381845075252,-0.03525496390335346,item_208,body_parts,ear,noun,F1
item_209,0.903223025708874,-0.03498910086964703,item_209,body_parts,eye,noun,F1
item_210,0.8877789081541827,-0.06990835126193796,item_210,body_parts,finger,noun,F1
item_211,0.9283474090816043,0.044834708416994926,item_211,furniture_rooms,chair,noun,F1
item_214,0.9407382934756078,0.03484423220067313,item_214,furniture_rooms,bath,noun,F1
item_215,0.7195671364470858,-0.08057868226721798,item_215,furniture_rooms,potty,noun,F1
item_216,0.9138120768534079,-0.04611899862343915,item_216,furniture_rooms,curtain,noun,F1
item_217,0.9356160100815767,-0.07278368471784034,item_217,furniture_rooms,stairs,noun,F1
item_219,0.8692375705195782,-0.09106598745681463,item_219,furniture_rooms,entrance,noun,F1
item_221,0.9173263024564415,0.0021635683874434053,item_221,furniture_rooms,shower,noun,F1
item_223,0.8166086825505994,-0.1394124360678249,item_223,furniture_rooms,stove,noun,F1
item_224,0.8307344976944637,-0.11461375240158134,item_224,furniture_rooms,fan,noun,F1
item_225,0.8863346198743053,-0.08894288642072842,item_225,furniture_rooms,kitchen,noun,F1
item_227,0.812803940726637,-0.20204159760908938,item_227,furniture_rooms,wardrobe,noun,F1
item_229,0.8968940744131675,-0.05258387404141428,item_229,furniture_rooms,desk,noun,F1
item_230,0.8990049946546187,-0.006878842187962996,item_230,furniture_rooms,table,noun,F1
item_231,0.9265258763261363,-0.026197380046563606,item_231,furniture_rooms,television,noun,F1
item_232,0.8695216932252461,0.02361946008312144,item_232,furniture_rooms,light,noun,F1
item_233,0.9098209491006216,0.03539297286444316,item_233,furniture_rooms,door,noun,F1
item_234,0.9616485663752107,0.008870164218002782,item_234,furniture_rooms,toilet,noun,F1
item_236,0.8667822241813806,-0.05540689115222556,item_236,furniture_rooms,piano,noun,F1
item_237,0.8854550593772258,-0.1342350729522128,item_237,furniture_rooms,drawer,noun,F1
item_238,0.8074085070001606,-0.16173607280341812,item_238,furniture_rooms,video,noun,F1
item_239,0.8550059723861777,-0.01892016864008607,item_239,furniture_rooms,bed,noun,F1
item_240,0.9448296599904465,0.003888643220604865,item_240,furniture_rooms,room,noun,F1
item_241,0.9397773743512591,-0.0256579441515428,item_241,furniture_rooms,window,noun,F1
item_242,0.9108344892070209,0.015742130471260732,item_242,furniture_rooms,refrigerator,noun,F1
item_245,0.891195189230285,0.02408391866685693,item_245,household,picture,noun,F1
item_246,0.8867710389306018,0.04007980111325666,item_246,household,money,noun,F1
item_247,0.9299760884871425,-0.006411526490412061,item_247,household,dish,noun,F1
item_248,0.8581717859976783,-0.003832435916739668,item_248,household,key,noun,F1
item_250,0.8957964427395992,-0.04940166751098256,item_250,household,umbrella,noun,F1
item_251,0.8849301784197947,-0.04198148916435291,item_251,household,bag,noun,F1
item_252,0.9286095680360023,-0.026597123573689062,item_252,household,paper,noun,F1
item_253,0.906780007395201,-0.019482134158359518,item_253,household,camera,noun,F1
item_256,0.8007056196457581,-0.05312227752404051,item_256,household,comb,noun,F1
item_257,0.91965754880514206,0.01441891755827079,item_257,household,medicine,noun,F1
item_258,0.9008522331145558,0.003655307576673543,item_258,household,cup,noun,F1
item_259,0.9248877697193286,-0.07392847050874195,item_259,household,trash_box,noun,F1
item_260,0.9133980317059917,0.00903526924380345,item_260,household,wallet,noun,F1
item_261,0.8930700744251644,-0.03882309560752465,item_261,household,shampoo,noun,F1
item_263,0.887896477708474,-0.023269534743953917,item_263,household,spoon,noun,F1
item_167,0.8428677009993081,-0.05034784070546964,item_167,clothing,slippers,noun,F1
item_264,0.9061105647519508,-0.05879733044095249,item_264,household,soap,noun,F1
item_266,0.899519546625472,-0.04062544758825942,item_266,household,vacuum_cleaner,noun,F1
item_267,0.9081653090073807,0.05536178386957663,item_267,household,towel,noun,F1
item_268,0.8855488365048444,-0.007864338655084438,item_268,household,bowl,noun,F1
item_269,0.8671024065430715,0.054499000328230976,item_269,household,tissue,noun,F1
item_271,0.8324960955679843,-0.05684874839345493,item_271,household,battery,noun,F1
item_272,0.9194518274676401,-0.010174991237898617,item_272,household,phone,noun,F1
item_273,0.9014719284639665,-0.05489568378851254,item_273,household,clock,noun,F1
item_276,0.9239090395967935,-0.027384586015169632,item_276,household,bucket,noun,F1
item_277,0.9283388519562491,-0.0514980510731174,item_277,household,box,noun,F1
item_278,0.9439975925731765,0.008325650996012344,item_278,household,scissors,noun,F1
item_279,0.9065658015275362,0.032123257276113884,item_279,household,chopsticks,noun,F1
item_281,0.9148716350726694,-0.10958502588886906,item_281,household,handkerchief,noun,F1
item_280,0.9118983008556347,-0.024294631327195223,item_280,household,toothbrush,noun,F1
item_283,0.9147602649805018,-0.044178578545242445,item_283,household,fork,noun,F1
item_284,0.9327381563499371,0.02493392507832265,item_284,household,futon,noun,F1
item_286,0.838815256988138,-0.014332789516244674,item_286,household,broom,noun,F1
item_290,0.9093035923818155,-0.05404757519957984,item_290,household,pillow,noun,F1
item_291,0.8935889692781519,-0.06977009354383708,item_291,household,glasses,noun,F1
item_293,0.7897740116786919,-0.04739955152517275,item_293,household,blanket,noun,F1
item_294,0.9364366120855104,-0.04961978817482087,item_294,outside,rain,noun,F1
item_298,0.8999088024593932,-0.12142058053953723,item_298,outside,moon,noun,F1
item_300,0.8905576214419041,-0.13844626860469622,item_300,outside,sun,noun,F1
item_302,0.8426131332538663,-0.17308302154087035,item_302,outside,river,noun,F1
item_303,0.8344175764608032,-0.10423084511490965,item_303,outside,tree,noun,F1
item_306,0.8173087845357393,-0.028710462402839233,item_306,outside,scoop,noun,F1
item_307,0.9345402433905509,-0.01830091630084516,item_307,outside,sandpit,noun,F1
item_308,0.9228427326970357,-0.019852673704644868,item_308,outside,slide,noun,F1
item_309,0.9331591561330457,-0.10126903563744445,item_309,outside,sky,noun,F1
item_310,0.8684444509180521,-0.020241980652704952,item_310,outside,garden,noun,F1
item_313,0.7679028326183625,-0.050415623076841706,item_313,outside,leaf,noun,F1
item_314,0.9097476376637025,-0.05962692511465879,item_314,outside,flower,noun,F1
item_315,0.90862653832571,0.04137944694062932,item_315,outside,pool,noun,F1
item_316,0.9288874103263117,-7.333964257156458e-4,item_316,outside,swing,noun,F1
item_319,0.8510529759672423,-0.1026977734667064,item_319,outside,star,noun,F1
item_323,0.8957566927412306,-0.017328704462042776,item_323,outside,snow,noun,F1
item_401,0.8068900284844371,0.175002631072,item_401,action_words,go_up,predicate,F1
item_402,0.8610089347019475,0.10233150701463256,item_402,action_words,open,predicate,F1
item_403,0.8946050291604645,0.1380298067387172,item_403,action_words,rise,predicate,F1
item_404,0.9566893399356332,0.12135950066090576,item_404,action_words,play,predicate,F1
item_405,0.9283658773100979,0.14023832356745985,item_405,action_words,wash,predicate,F1
item_406,0.806418010572498,0.19649312654058276,item_406,action_words,exist,predicate,F1
item_407,0.9277136582758879,0.09620342771835862,item_407,action_words,walk,predicate,F1
item_409,0.8730817746279784,0.13122745889402077,item_409,action_words,go,predicate,F1
item_411,0.8262273806922658,0.1653932663894453,item_411,action_words,be_there,predicate,F1
item_412,0.9064783464613488,0.2008675025924963,item_412,action_words,put_in,predicate,F1
item_413,0.9506919441141705,0.12456184709592336,item_413,action_words,sing,predicate,F1
item_414,0.910837451264079,0.19126669485587955,item_414,action_words,get_up,predicate,F1
item_415,0.9221318889102027,0.19113175805431828,item_415,action_words,put,predicate,F1
item_416,0.9097199797000461,0.19988429808823777,item_416,action_words,get_angry,predicate,F1
item_418,0.8093847381935992,0.14576193090609135,item_418,action_words,fall,predicate,F1
item_422,0.8960581519705829,0.11762313194919687,item_422,action_words,get_off,predicate,F1
item_425,0.9494972228644878,0.1360529708029091,item_425,action_words,go_home,predicate,F1
item_426,0.9168512043477037,0.14058104730664914,item_426,action_words,write,predicate,F1
item_429,0.8748876556798239,0.18293575547791838,item_429,action_words,lend,predicate,F1
item_430,0.8671852983126052,0.1451320615723139,item_430,action_words,clean_up,predicate,F1
item_435,0.9298775704122282,0.19960658452069394,item_435,action_words,wear,predicate,F1
item_438,0.8701746684263123,0.17742900711917883,item_438,action_words,come,predicate,F1
item_440,0.905770138240825,0.26222416315166397,item_440,action_words,spill,predicate,F1
item_441,0.9314316057803955,0.21865714856740373,item_441,action_words,fall,predicate,F1
item_444,0.9294539257244603,0.19246894785459476,item_444,action_words,close,predicate,F1
item_446,0.8673918715906007,0.19000594844147625,item_446,action_words,like,predicate,F1
item_447,0.884890186811827,0.1975798004900716,item_447,action_words,throw_away,predicate,F1
item_448,0.8637919388780995,0.24484821648613844,item_448,action_words,do,predicate,F1
item_449,0.9138749706285388,0.24592822694832486,item_449,action_words,sit,predicate,F1
item_450,0.7331968887377984,0.2060469158139128,item_450,action_words,hug,predicate,F1
item_453,0.9034182902148243,0.2777334096053833,item_453,action_words,hit,predicate,F1
item_454,0.823762166325509,0.320258180747579,item_454,action_words,stand,predicate,F1
item_455,0.9230701995754652,0.18587898689243215,item_455,action_words,eat,predicate,F1
item_460,0.8711387758819906,0.202846987814915,item_460,action_words,can_do,predicate,F1
item_461,0.8161295874225961,0.24054847697735432,item_461,action_words,get_out,predicate,F1
item_464,0.9064510987979599,0.1858212505021114,item_464,action_words,take,predicate,F1
item_466,0.9323055939943857,0.16643090916060024,item_466,action_words,cry,predicate,F1
item_467,0.9195600642781371,0.2673274722466078,item_467,action_words,throw,predicate,F1
item_471,0.9358616354388555,0.24535162373105535,item_471,action_words,take_off,predicate,F1
item_473,0.8464632585521459,0.19311164788746116,item_473,action_words,sleep,predicate,F1
item_475,0.9081894758917926,0.21209532680703208,item_475,action_words,drink,predicate,F1
item_476,0.9380749667178361,0.20349498089926246,item_476,action_words,get_on,predicate,F1
item_477,0.8869116280055978,0.19246051438412634,item_477,action_words,enter,predicate,F1
item_478,0.916448287880226,0.1764912505305875,item_478,action_words,wear,predicate,F1
item_483,0.9054985670343606,0.23730589282528936,item_483,action_words,wipe,predicate,F1
item_486,0.8738721170641175,0.23736605790901627,item_486,action_words,want,predicate,F1
item_487,0.9082142164678451,0.21146335502472807,item_487,action_words,wait,predicate,F1
item_490,0.8996918094350883,0.231577217233947,item_490,action_words,show,predicate,F1
item_491,0.8829431866550712,0.20064764951518865,item_491,action_words,look,predicate,F1
item_493,0.9205591548988361,0.2616573173707525,item_493,action_words,have,predicate,F1
item_494,0.893298748757489,0.30983818119146966,item_494,action_words,bring_up,predicate,F1
item_497,0.8946682444102734,0.2823540718547834,item_497,action_words,stop,predicate,F1
item_498,0.8958741706019496,0.16204192294835743,item_498,action_words,do,predicate,F1
item_501,0.9373475977598434,0.10541528216234096,item_501,action_words,read,predicate,F1
item_503,0.9020974254087124,0.2056285557312179,item_503,action_words,laugh,predicate,F1
item_517,0.8271765188033928,-0.06640235330538526,item_517,descriptive_words,red,predicate,F1
item_520,0.770642996500194,0.010693019309001585,item_520,descriptive_words,hot,predicate,F1
item_521,0.8676043514703671,0.03433752746629032,item_521,descriptive_words,sweet,predicate,F1
item_522,0.8368296599976267,0.09515534827454164,item_522,descriptive_words,good,predicate,F1
item_524,0.8256315598702085,0.09925854412816085,item_524,descriptive_words,painful,predicate,F1
item_526,0.8311242042148654,0.22845290279877115,item_526,descriptive_words,noisy,predicate,F1
item_527,0.8840409387825698,0.11975068953809687,item_527,descriptive_words,glad,predicate,F1
item_528,0.8166981292531098,0.1300862145052598,item_528,descriptive_words,delicious,predicate,F1
item_532,0.8839018557032765,0.10523228998517127,item_532,descriptive_words,heavy,predicate,F1
item_533,0.7948285109637192,0.15130445684669008,item_533,descriptive_words,clever,predicate,F1
item_535,0.8610439233906958,0.11259895953314943,item_535,descriptive_words,itchy,predicate,F1
item_536,0.8304208906397038,0.09153738709602834,item_536,descriptive_words,spicy,predicate,F1
item_537,0.7887400073304389,0.10610484350755493,item_537,descriptive_words,empty,predicate,F1
item_538,0.8249784206259576,0.15549924776934532,item_538,descriptive_words,cute,predicate,F1
item_539,0.901258384339569,0.17697975817422518,item_539,descriptive_words,pity,predicate,F1
item_541,0.8384169678872696,0.19273313413928206,item_541,descriptive_words,dirty,predicate,F1
item_542,0.860975144509902,0.07426992435002608,item_542,descriptive_words,dislike,predicate,F1
item_543,0.797592778522869,0.17672732195140756,item_543,descriptive_words,clean,predicate,F1
item_544,0.737631778533828,0.1718387252915292,item_544,descriptive_words,odor,predicate,F1
item_545,0.9141697978609398,0.09074511089482987,item_545,descriptive_words,dark,predicate,F1
item_548,0.8523340615905304,0.07545683356895747,item_548,descriptive_words,scary,predicate,F1
item_549,0.9105885349157761,0.09069966073406126,item_549,descriptive_words,cold,predicate,F1
item_551,0.929770094473677,0.18466150796092431,item_551,descriptive_words,quiet,predicate,F1
item_552,0.8235906564254263,0.1524200212693013,item_552,descriptive_words,good,predicate,F1
item_555,0.7882313055099779,0.0565325733843564,item_555,descriptive_words,sour,predicate,F1
item_556,0.8141869577063628,0.11892487623482662,item_556,descriptive_words,important,predicate,F1
item_557,0.8979253625587629,0.10699321182617667,item_557,descriptive_words,all_right,predicate,F1
item_558,0.8957929497585272,0.08250521921975038,item_558,descriptive_words,high,predicate,F1
item_560,0.9118297862076615,0.05003548857223394,item_560,descriptive_words,small,predicate,F1
item_561,0.8867037272208119,0.17203448672162103,item_561,descriptive_words,wrong,predicate,F1
item_563,0.8709143418377111,0.047790284560248975,item_563,descriptive_words,cold,predicate,F1
item_564,0.7779073118066299,0.15985183974898629,item_564,descriptive_words,none,predicate,F1
item_566,0.929081692798999,0.15399300958059192,item_566,descriptive_words,wet,predicate,F1
item_567,0.8783568700639154,0.14797369614058026,item_567,descriptive_words,sleepy,predicate,F1
item_568,0.9231203991589687,0.09408809699478742,item_568,descriptive_words,fast,predicate,F1
item_572,0.9067135927411843,0.052999296580991145,item_572,descriptive_words,round,predicate,F1
item_578,0.9284308585402421,0.20327072353090278,item_578,descriptive_words,bad,predicate,F1
item_19,0.8717644085834142,-0.09170733885724298,item_19,animals,shrimp,noun,F1
item_20,0.8360662692493589,-0.15888236734728936,item_20,animals,wolf,noun,F1
item_26,0.8684906351471079,-0.2002009164545237,item_26,animals,fox,noun,F1
item_28,0.8453365747037314,-0.19837076695247496,item_28,animals,whale,noun,F1
item_31,0.8221007427781378,-0.29871660691045465,item_31,animals,gorilla,noun,F1
item_36,0.8719389529833759,-0.23314524614609522,item_36,animals,raccoon,noun,F1
item_47,0.868522067281236,-0.30976247716790034,item_47,animals,sheep,noun,F1
item_58,0.7344800673078697,-0.1938725493774019,item_58,vehicles,tricycle,noun,F1
item_60,0.7673023516806606,-0.27772585505332503,item_60,vehicles,fire_engine,noun,F1
item_61,0.6234924891290815,-0.2999280366539919,item_61,vehicles,dump_truck,noun,F1
item_64,0.7941394023939763,-0.20758216098233184,item_64,vehicles,motorcycle,noun,F1
item_69,0.808717903833265,-0.27912421717345415,item_69,vehicles,helicopter,noun,F1
item_73,0.8685317478222586,-0.2573817093452822,item_73,toys,crayon,noun,F1
item_74,0.8179119037780818,-0.08502945697603677,item_74,toys,game,noun,F1
item_75,0.8886595742102883,-0.11712225379980137,item_75,toys,soap_bubble,noun,F1
item_76,0.8844470998546725,-0.17402068459174702,item_76,toys,drum,noun,F1
item_79,0.8726847301141818,-0.06689445973901446,item_79,toys,clay,noun,F1
item_80,0.8533930268674949,-0.0668337925641555,item_80,toys,paste,noun,F1
item_81,0.8958391250441688,-0.09907839163512952,item_81,toys,puzzle,noun,F1
item_82,0.7859744474287266,-0.10493764411692873,item_82,toys,bat,noun,F1
item_84,0.9267601855325807,-0.03278342191601174,item_84,toys,present,noun,F1
item_85,0.7929702517849868,-0.10174573854365572,item_85,toys,pen,noun,F1
item_92,0.8796441745126582,-0.102707858045423,item_92,food_drink,sweet_potato,noun,F1
item_93,0.897112158079091,0.029385777945866092,item_93,food_drink,sweets,noun,F1
item_94,0.8472514039866821,-0.13896643762406782,item_94,food_drink,sugar,noun,F1
item_95,0.874077810848227,-0.03573422135629785,item_95,food_drink,sushi,noun,F1
item_98,0.8135969312543255,-0.24380354543797084,item_98,food_drink,persimmon,noun,F1
item_99,0.8841330163645691,-0.17429284210613957,item_99,food_drink,pumpkin,noun,F1
item_100,0.7527976281340335,0.05153036948891926,item_100,food_drink,gum,noun,F1
item_103,0.8672532067718566,-0.17759500749677207,item_103,food_drink,cucumber,noun,F1
item_104,0.8554960609438504,-0.1327257541785495,item_104,food_drink,cookie,noun,F1
item_106,0.8056281216262673,-0.09394235888837867,item_106,food_drink,coffee,noun,F1
item_107,0.7783646642854283,-0.021225075240996403,item_107,food_drink,ice,noun,F1
item_108,0.8199329376391945,-0.11891389637073953,item_108,food_drink,corn,noun,F1
item_111,0.9260501609020383,-0.08396205096728897,item_111,food_drink,sandwich,noun,F1
item_112,0.8520568940926835,-0.16011583066844248,item_112,food_drink,jam,noun,F1
item_114,0.8828205415991007,-0.10221306289515679,item_114,food_drink,soy_sauce,noun,F1
item_116,0.8523592486102085,-0.18694864238265932,item_116,food_drink,soup,noun,F1
item_117,0.8302780409341218,-0.15098946327339943,item_117,food_drink,spaghetti,noun,F1
item_118,0.8049036223700623,-0.031931080110318054,item_118,food_drink,jelly,noun,F1
item_119,0.8850212098288516,-0.08119028888996907,item_119,food_drink,rice_crackers,noun,F1
item_120,0.8711484270775869,-0.19509579628471868,item_120,food_drink,radish,noun,F1
item_123,0.8792604609980177,0.03878489625166536,item_123,food_drink,chocolate,noun,F1
item_125,0.9051184901728693,-0.1137595270999226,item_125,food_drink,donut,noun,F1
item_127,0.8311586432073456,-0.2353876493746018,item_127,food_drink,pear,noun,F1
item_128,0.8791506646751406,-0.2667057234972801,item_128,food_drink,eggplant,noun,F1
item_129,0.8400806950645614,-0.136884566670962,item_129,food_drink,natto,noun,F1
item_132,0.8849715466169104,-0.05716148374723689,item_132,food_drink,seaweed,noun,F1
item_133,0.8788007111236977,-0.0657472021388116,item_133,food_drink,butter,noun,F1
item_136,0.8377960268072449,-0.0297950324600539,item_136,food_drink,ham,noun,F1
item_137,0.9299131669355747,-0.07532747820602825,item_137,food_drink,hamburger,noun,F1
item_138,0.8691754453236712,-0.25412415911272773,item_138,food_drink,green_pepper,noun,F1
item_141,0.9074636485792367,-0.18874245672504344,item_141,food_drink,spinach,noun,F1
item_142,0.7292435273622416,0.04578088120521399,item_142,food_drink,pocky,noun,F1
item_143,0.8867464882488166,-0.10902435642005943,item_143,food_drink,pancake,noun,F1
item_144,0.7380157849040854,-0.08176759721159191,item_144,food_drink,potato_chips,noun,F1
item_150,0.8523283953432453,-0.241407819771847,item_150,food_drink,melon,noun,F1
item_152,0.9267467209531665,-0.07493042588743859,item_152,food_drink,vegetable,noun,F1
item_153,0.8883669305659891,-0.13918810307965748,item_153,food_drink,yogurt,noun,F1
item_154,0.8425129817609666,-0.1152058408094823,item_154,food_drink,ramen,noun,F1
item_165,0.5489290205325316,-0.07143847651122559,item_165,clothing,zuck,noun,F1
item_168,0.8868003876022396,-0.18909791710478688,item_168,clothing,sweater,noun,F1
item_169,0.6875409733139664,-0.1998290784726643,item_169,clothing,socks,noun,F1
item_170,0.8411099737958371,0.06812427379898107,item_170,clothing,tights,noun,F1
item_171,0.8406063124134973,-0.01533768151943258,item_171,clothing,zipper,noun,F1
item_174,0.8948072772474884,-0.09592147426900197,item_174,clothing,tie,noun,F1
item_175,0.8861786979359186,-0.08042980022095071,item_175,clothing,necklace,noun,F1
item_181,0.8588594018740532,-0.1532364198353705,item_181,clothing,scarf,noun,F1
item_184,0.8583954757100225,-0.09063627788858011,item_184,body_parts,chin,noun,F1
item_190,0.8850007174381679,-0.1270305098518672,item_190,body_parts,forehead,noun,F1
item_194,0.8864884792020852,-0.15818707568055884,item_194,body_parts,shoulder,noun,F1
item_197,0.9172672196398034,-0.0550387836639656,item_197,body_parts,neck,noun,F1
item_198,0.9275675527780893,-7.318007918189649e-4,item_198,body_parts,injury,noun,F1
item_200,0.9359864144359767,-0.07766465925232745,item_200,body_parts,back,noun,F1
item_207,0.8289154542825364,-0.08912077090648557,item_207,body_parts,eyebrow,noun,F1
item_212,0.7993351554305177,-0.18903871261157898,item_212,furniture_rooms,air_conditioner,noun,F1
item_213,0.8182919547312792,-0.182072276270371,item_213,furniture_rooms,closet,noun,F1
item_218,0.833103515910536,-0.2006761091919395,item_218,furniture_rooms,shoes_rack,noun,F1
item_220,0.7440868847804314,-0.18069788862752564,item_220,furniture_rooms,kotatsu,noun,F1
item_222,0.8476767838666474,-0.03408877896085388,item_222,furniture_rooms,water_crew,noun,F1
item_226,0.8860779347894691,-0.1624636665564785,item_226,furniture_rooms,tatami,noun,F1
item_228,0.8501459015910291,-0.14176866488336104,item_228,furniture_rooms,parking_lot,noun,F1
item_235,0.8194727625520505,-0.018850573398168285,item_235,furniture_rooms,hairdryer,noun,F1
item_243,0.820218438446041,-0.08947640330382071,item_243,furniture_rooms,range,noun,F1
item_244,0.8461602492775974,-0.012268898331224111,item_244,household,iron,noun,F1
item_249,0.8994552165896709,-0.019203955655421667,item_249,household,basket,noun,F1
item_254,0.8924315835331895,-0.11518417572029499,item_254,household,can,noun,F1
item_255,0.9003488160806561,-0.088412805553569,item_255,household,nail,noun,F1
item_262,0.9048602802251134,-0.01831525894691148,item_262,household,straw,noun,F1
item_265,0.8949634898757374,-0.07572613868819315,item_265,household,rag,noun,F1
item_270,0.8853593018079305,0.05231028629579253,item_270,household,tape,noun,F1
item_274,0.8883801704871309,-0.11058815773302012,item_274,household,knife,noun,F1
item_275,0.917477056331984,-0.08083030108919129,item_275,household,pan,noun,F1
item_282,0.8900314279784435,-0.05485241274629084,item_282,household,bottle,noun,F1
item_285,0.9106228576233096,-0.11813555179016878,item_285,household,frying_pan,noun,F1
item_287,0.898144608165528,-0.10511725849353172,item_287,household,kitchen_knife,noun,F1
item_288,0.9238755126372872,-0.10225540029294675,item_288,household,pot,noun,F1
item_289,0.868562105935994,0.02924845330837613,item_289,household,microphone,noun,F1
item_292,0.8454330180867247,-0.14522309935980884,item_292,household,alarm_clock,noun,F1
item_295,0.9170601650437563,-0.06272910070004778,item_295,outside,stone,noun,F1
item_296,0.8585147073592334,-0.05306356999669837,item_296,outside,rock,noun,F1
item_297,0.8962104974109645,-0.10626650618537892,item_297,outside,branch,noun,F1
item_299,0.9138875789171718,-0.06811025406065155,item_299,outside,weather,noun,F1
item_301,0.9206006321258041,-0.09748178272970098,item_301,outside,wind,noun,F1
item_304,0.8664226238816546,-0.07958758969550543,item_304,outside,grass,noun,F1
item_305,0.9208688242075153,-0.09921022180900342,item_305,outside,cloud,noun,F1
item_311,0.8481669728971044,-0.11691171474640988,item_311,outside,ladder,noun,F1
item_312,0.881267221599416,-0.07350123062591352,item_312,outside,flag,noun,F1
item_317,0.9045295198587476,-0.049666020058968155,item_317,outside,veranda,noun,F1
item_318,0.9092136046989372,-0.10041662279707403,item_318,outside,hose,noun,F1
item_320,0.8386844955438043,-0.012038217193896639,item_320,outside,watering,noun,F1
item_321,0.9397647859130299,-0.056934553806374674,item_321,outside,road,noun,F1
item_322,0.9336513341898479,-0.036278722602652885,item_322,outside,roof,noun,F1
item_324,0.9001696591263281,0.016909495430615984,item_324,outside,snowman,noun,F1
item_408,0.9324636535419022,0.13563818734907807,item_408,action_words,say,predicate,F1
item_410,0.8021466427694929,0.2393325954669989,item_410,action_words,need,predicate,F1
item_417,0.9249794413466833,0.1451868638373892,item_417,action_words,push,predicate,F1
item_419,0.9105396608515295,0.17802707465327425,item_419,action_words,dance,predicate,F1
item_420,0.5941698599454645,0.16750691638858997,item_420,action_words,to_piggyback,predicate,F1
item_421,0.9317139231771039,0.13956477781686194,item_421,action_words,swim,predicate,F1
item_423,0.9074753823853478,0.19435942400352638,item_423,action_words,end,predicate,F1
item_424,0.9378502363570882,0.14013210219131159,item_424,action_words,buy,predicate,F1
item_427,0.946507446425623,0.16357552903561015,item_427,action_words,hide,predicate,F1
item_428,0.9205774512332024,0.18770039277541475,item_428,action_words,hang,predicate,F1
item_431,0.9072390880020819,0.20538371581636494,item_431,action_words,put_on,predicate,F1
item_432,0.886896287319027,0.14085246103669777,item_432,action_words,disappear,predicate,F1
item_433,0.9307292650658687,0.2141344489472814,item_433,action_words,listen,predicate,F1
item_434,0.8903875926482506,0.190257085703096,item_434,action_words,hear,predicate,F1
item_436,0.9436171077817185,0.12372392799398584,item_436,action_words,cut,predicate,F1
item_437,0.9006434510036647,0.14087515669818476,item_437,action_words,stick,predicate,F1
item_439,0.9146884184589481,0.19312958656541634,item_439,action_words,kick,predicate,F1
item_442,0.947553044810399,0.1504946675230255,item_442,action_words,break_down,predicate,F1
item_443,0.9303077086628465,0.21652518171967025,item_443,action_words,touch,predicate,F1
item_445,0.9548661527759347,0.15077639197949783,item_445,action_words,know,predicate,F1
item_451,0.9132436432729223,0.21433568240196532,item_451,action_words,put_out,predicate,F1
item_452,0.8987525006416195,0.18835946613151142,item_452,action_words,help,predicate,F1
item_456,0.9434259432979445,0.20365914538966778,item_456,action_words,catch,predicate,F1
item_457,0.8784161165979165,0.25463737240128254,item_457,action_words,reach,predicate,F1
item_458,0.9505906223634608,0.1872356381338413,item_458,action_words,create,predicate,F1
item_459,0.9072058942143468,0.2590890184187559,item_459,action_words,attach,predicate,F1
item_462,0.9085527887429563,0.18833814713973734,item_462,action_words,jump,predicate,F1
item_463,0.9413532993298017,0.18102373371410516,item_463,action_words,stop,predicate,F1
item_465,0.8851664416561348,0.21128126908445033,item_465,action_words,fix,predicate,F1
item_468,0.9413985119175299,0.20135132892995428,item_468,action_words,lick,predicate,F1
item_469,0.8927488730515347,0.2563738662909613,item_469,action_words,become,predicate,F1
item_470,0.9073119240105277,0.26084275566587395,item_470,action_words,escape,predicate,F1
item_472,0.9197395781697238,0.20336992410533586,item_472,action_words,paint,predicate,F1
item_474,0.9353555703545743,0.16915513043507516,item_474,action_words,climb,predicate,F1
item_479,0.9358430977099157,0.18172747157619093,item_479,action_words,carry,predicate,F1
item_480,0.9418988653608654,0.16078738631831627,item_480,action_words,run,predicate,F1
item_481,0.9056578245046877,0.3465477824063741,item_481,action_words,pull,predicate,F1
item_482,0.9411834052559434,0.23466942989204168,item_482,action_words,pick_up,predicate,F1
item_484,0.9057355764759989,0.19885758261546885,item_484,action_words,blow,predicate,F1
item_485,0.9392321648346296,0.21881057340414412,item_485,action_words,collide,predicate,F1
item_488,0.9337847240999789,0.199155988896693,item_488,action_words,turn_around,predicate,F1
item_489,0.8931224455216094,0.2532151538905838,item_489,action_words,appear,predicate,F1
item_492,0.9066301371484654,0.2066941588614468,item_492,action_words,peel,predicate,F1
item_495,0.9134982614612275,0.28936456614539147,item_495,action_words,get,predicate,F1
item_496,0.9318195820035646,0.20932708487606402,item_496,action_words,break,predicate,F1
item_499,0.920136571092912,0.2991218801042533,item_499,action_words,defile,predicate,F1
item_500,0.9371726306399447,0.19066490158672172,item_500,action_words,call,predicate,F1
item_502,0.9050800406924352,0.20276440993625167,item_502,action_words,understand,predicate,F1
item_516,0.7791512695070315,-0.1069507872133731,item_516,descriptive_words,blue,predicate,F1
item_518,0.9057149384403882,0.059967713875677904,item_518,descriptive_words,bright,predicate,F1
item_519,0.9205871011075829,0.10115276134150299,item_519,descriptive_words,new,predicate,F1
item_523,0.8498797275524786,0.21485050178305914,item_523,descriptive_words,mean,predicate,F1
item_525,0.6114193357427288,0.02714549152692693,item_525,descriptive_words,good,predicate,F1
item_529,0.9005069147815188,0.03948613373792055,item_529,descriptive_words,large,predicate,F1
item_530,0.8696898145209664,0.07072228620463693,item_530,descriptive_words,funny,predicate,F1
item_531,0.9395727690231523,0.15642939604962294,item_531,descriptive_words,slow,predicate,F1
item_534,0.8754810858123899,0.1468537807709983,item_534,descriptive_words,hard,predicate,F1
item_540,0.8627296850879146,0.2182043976283756,item_540,descriptive_words,dried,predicate,F1
item_546,0.8891257178340926,-0.015210087998320108,item_546,descriptive_words,black,predicate,F1
item_547,0.9208661775890409,0.09212281963322622,item_547,descriptive_words,energy,predicate,F1
item_550,0.8694252176675941,0.07835535300679684,item_550,descriptive_words,square,predicate,F1
item_553,0.9013212353605884,-0.009833663200850077,item_553,descriptive_words,white,predicate,F1
item_554,0.8791876270097105,0.12483228270442846,item_554,descriptive_words,great,predicate,F1
item_559,0.9169509527538442,0.032272683393471016,item_559,descriptive_words,pleasant,predicate,F1
item_562,0.9038654611453952,0.12652824211135563,item_562,descriptive_words,exhausted,predicate,F1
item_565,0.9310125021171428,0.04667524238022531,item_565,descriptive_words,long,predicate,F1
item_569,0.9188762671374315,0.1491803606327824,item_569,descriptive_words,sick,predicate,F1
item_570,0.8923210729335966,0.1530584661490715,item_570,descriptive_words,strange,predicate,F1
item_571,0.8634191034507028,0.14091738298057105,item_571,descriptive_words,bad_taste,predicate,F1
item_573,0.8980655071589433,-0.039148310416542334,item_573,descriptive_words,green,predicate,F1
item_574,0.9219343596584179,0.07745168182247439,item_574,descriptive_words,difficult,predicate,F1
item_575,0.9220929076636328,0.12963203342560312,item_575,descriptive_words,easy,predicate,F1
item_576,0.9444679622499251,0.11386985675884229,item_576,descriptive_words,soft,predicate,F1
item_577,0.7933374710060725,0.41860822927806013,item_577,descriptive_words,slowly,predicate,F1
