questionnaire_id,WS,type,category_ja,category_en,definition_ja1,definition_ja2,definition_en,WG
A1,item_1,word,幼児語,sounds,あーあっ (よくないこと),aaa,oh_no,NA
A2,item_2,word,幼児語,sounds,アイタ (いたい),aita,ouch,NA
A3,item_3,word,幼児語,sounds,オイチィ (おいしい),oichii,yummy,NA
A4,item_4,word,幼児語,sounds,ガーガー (アヒル),gaagaa,quack_quack,NA
A5,item_5,word,幼児語,sounds,ガオー (ライオン),gaoo,roar,NA
A6,item_6,word,幼児語,sounds,こけこっこ (にわとり),kokekokko,cock_a_doodle_doo,NA
A7,item_7,word,幼児語,sounds,シュッポッポー (汽車),syupoppoo,choo-choo,NA
A8,item_8,word,幼児語,sounds,ニャンニャン (ネコ),nyannyan,meow,NA
A9,item_9,word,幼児語,sounds,ブーブー (車),buubuu,broom_broom,NA
A10,item_10,word,幼児語,sounds,メーメー (ヤギ),meemee,baa_baa,NA
A11,item_11,word,幼児語,sounds,モー (牛),moo,moo,NA
A12,item_12,word,幼児語,sounds,ワンワン (犬),wanwan,bowwow,NA
B1,item_13,word,動物の名前,animals,アヒル,ahiru,duck,item_46
B2,item_14,word,動物の名前,animals,アリ,ari,ant,item_47
B3,item_15,word,動物の名前,animals,犬,inu,dog,item_48
B4,item_16,word,動物の名前,animals,うさぎ,usagi,rabbit,item_49
B5,item_17,word,動物の名前,animals,牛,ushi,cow,item_50
B6,item_18,word,動物の名前,animals,うま,uma,horse,item_51
B7,item_19,word,動物の名前,animals,えび,ebi,shrimp,NA
B8,item_20,word,動物の名前,animals,おおかみ,ookami,wolf,NA
B9,item_21,word,動物の名前,animals,カエル,kaeru,frog,NA
B10,item_22,word,動物の名前,animals,かに,kani,crab,NA
B11,item_23,word,動物の名前,animals,カバ,kaba,hippopotamus,NA
B12,item_24,word,動物の名前,animals,かめ,kame,turtle,NA
B13,item_25,word,動物の名前,animals,カラス,karasu,crow,NA
B14,item_26,word,動物の名前,animals,きつね,kitsune,fox,NA
B15,item_27,word,動物の名前,animals,きりん,kirin,giraffe,NA
B16,item_28,word,動物の名前,animals,くじら,kujira,whale,NA
B17,item_29,word,動物の名前,animals,くま,kuma,bear,NA
B18,item_30,word,動物の名前,animals,コアラ,koara,koala,NA
B19,item_31,word,動物の名前,animals,ゴリラ,gorira,gorilla,NA
B20,item_32,word,動物の名前,animals,さかな,sakana,fish,NA
B21,item_33,word,動物の名前,animals,さる,saru,monkey,NA
B22,item_34,word,動物の名前,animals,しまうま,shimauma,zebra,NA
B23,item_35,word,動物の名前,animals,ぞう,zou,elephant,NA
B24,item_36,word,動物の名前,animals,たぬき,tanuki,raccoon,NA
B25,item_37,word,動物の名前,animals,チョウチョ,choucho,butterfly,NA
B26,item_38,word,動物の名前,animals,どうぶつ,doubutsu,animal,NA
B27,item_39,word,動物の名前,animals,トラ,tora,tiger,NA
B28,item_40,word,動物の名前,animals,とり,tori,bird,NA
B29,item_41,word,動物の名前,animals,にわとり,niwatori,chicken,NA
B30,item_42,word,動物の名前,animals,ねこ,neko,cat,NA
B31,item_43,word,動物の名前,animals,ねずみ,nezumi,mouse,NA
B32,item_44,word,動物の名前,animals,はち,hachi,bee,NA
B33,item_45,word,動物の名前,animals,はと,hato,pigeon,NA
B34,item_46,word,動物の名前,animals,パンダ,panda,panda,NA
B35,item_47,word,動物の名前,animals,ひつじ,hitsuji,sheep,NA
B36,item_48,word,動物の名前,animals,ひよこ,hiyoko,chick,NA
B37,item_49,word,動物の名前,animals,ぶた,buta,pig,NA
B38,item_50,word,動物の名前,animals,へび,hebi,snake,NA
B39,item_51,word,動物の名前,animals,ペンギン,pengin,penguin,NA
B40,item_52,word,動物の名前,animals,虫,mushi,insect,NA
B41,item_53,word,動物の名前,animals,ライオン,raion,lion,NA
B42,item_54,word,動物の名前,animals,リス,risu,squirrel,NA
B43,item_55,word,動物の名前,animals,ワニ,wani,crocodile,NA
C1,item_56,word,乗り物,vehicles,汽車,kisya,locomotive,item_82
C2,item_57,word,乗り物,vehicles,車 (自動車),kuruma,car,NA
C3,item_58,word,乗り物,vehicles,三輪車,sanrinsya,tricycle,NA
C4,item_59,word,乗り物,vehicles,自転車,jitensya,bicycle,NA
C5,item_60,word,乗り物,vehicles,消防車,shoubousya,fire_engine,NA
C6,item_61,word,乗り物,vehicles,ダンプカー,danpukaa,dump_truck,NA
C7,item_62,word,乗り物,vehicles,電車,densya,train,NA
C8,item_63,word,乗り物,vehicles,トラック,torakku,truck,NA
C9,item_64,word,乗り物,vehicles,バイク,baiku,motorcycle,NA
C10,item_65,word,乗り物,vehicles,バス,basu,bus,NA
C11,item_66,word,乗り物,vehicles,パトカー,patokaa,police_car,NA
C12,item_67,word,乗り物,vehicles,飛行機,hikouki,airplane,NA
C13,item_68,word,乗り物,vehicles,船,fune,ship,NA
C14,item_69,word,乗り物,vehicles,ヘリコプター,herikoputaa,helicopter,NA
D1,item_70,word,おもちゃ,toys,絵本,ehon,picture_book,item_91
D2,item_71,word,おもちゃ,toys,えんぴつ,enpitsu,pencil,item_92
D3,item_72,word,おもちゃ,toys,おもちゃ,omocha,toy,item_93
D4,item_73,word,おもちゃ,toys,クレヨン,kureyon,crayon,NA
D5,item_74,word,おもちゃ,toys,ゲーム,geemu,game,NA
D6,item_75,word,おもちゃ,toys,シャボン玉,shabondama,soap_bubble,NA
D7,item_76,word,おもちゃ,toys,たいこ,taiko,drum,NA
D8,item_77,word,おもちゃ,toys,つみき,tsumiki,building_blocks,NA
D9,item_78,word,おもちゃ,toys,人形,ningyoo,doll,NA
D10,item_79,word,おもちゃ,toys,粘土,nendo,clay,NA
D11,item_80,word,おもちゃ,toys,のり (糊),nori,paste,NA
D12,item_81,word,おもちゃ,toys,パズル,pazuru,puzzle,NA
D13,item_82,word,おもちゃ,toys,バット,batto,bat,NA
D14,item_83,word,おもちゃ,toys,風船,fuusen,balloon,NA
D15,item_84,word,おもちゃ,toys,プレゼント,purezento,present,NA
D16,item_85,word,おもちゃ,toys,ペン,pen,pen,NA
D17,item_86,word,おもちゃ,toys,ボール,booru,ball,NA
D18,item_87,word,おもちゃ,toys,本,hon,book,NA
E1,item_88,word,食べ物と飲み物,food_drink,アイスクリーム,aisukuriimu,ice_cream,item_99
E2,item_89,word,食べ物と飲み物,food_drink,あめ（飴）,ame,candy,item_100
E3,item_90,word,食べ物と飲み物,food_drink,いちご（苺）,ichigo,strawberry,item_101
E4,item_91,word,食べ物と飲み物,food_drink,うどん,udon,udon,item_102
E5,item_92,word,食べ物と飲み物,food_drink,おいも,oimo,sweet_potato,NA
E6,item_93,word,食べ物と飲み物,food_drink,お菓子,okashi,sweets,NA
E7,item_94,word,食べ物と飲み物,food_drink,お砂糖,osatou,sugar,NA
E8,item_95,word,食べ物と飲み物,food_drink,おすし,osushi,sushi,NA
E9,item_96,word,食べ物と飲み物,food_drink,おにぎり・おむすび,onigiri_omusubi,rice_ball,NA
E10,item_97,word,食べ物と飲み物,food_drink,お茶,ocha,tea,NA
E11,item_98,word,食べ物と飲み物,food_drink,柿,kaki,persimmon,NA
E12,item_99,word,食べ物と飲み物,food_drink,かぼちゃ,kabocha,pumpkin,NA
E13,item_100,word,食べ物と飲み物,food_drink,ガム,gamu,gum,NA
E14,item_101,word,食べ物と飲み物,food_drink,カレー,karee,curry,NA
E15,item_102,word,食べ物と飲み物,food_drink,牛乳,gyuunyuu,milk,NA
E16,item_103,word,食べ物と飲み物,food_drink,きゅうり,kyuuri,cucumber,NA
E17,item_104,word,食べ物と飲み物,food_drink,クッキー,kukkii,cookie,NA
E18,item_105,word,食べ物と飲み物,food_drink,ケーキ,keeki,cake,NA
E19,item_106,word,食べ物と飲み物,food_drink,コーヒー,koohii,coffee,NA
E20,item_107,word,食べ物と飲み物,food_drink,こおり（氷）,koori,ice,NA
E21,item_108,word,食べ物と飲み物,food_drink,コーン,koon,corn,NA
E22,item_109,word,食べ物と飲み物,food_drink,ごはん（お米のこと）,gohan,rice,NA
E23,item_110,word,食べ物と飲み物,food_drink,さかな,sakana,fish,NA
E24,item_111,word,食べ物と飲み物,food_drink,サンドイッチ,sandoicchi,sandwich,NA
E25,item_112,word,食べ物と飲み物,food_drink,ジャム,jamu,jam,NA
E26,item_113,word,食べ物と飲み物,food_drink,ジュース,juusu,juice,NA
E27,item_114,word,食べ物と飲み物,food_drink,しょうゆ,shouyu,soy_sauce,NA
E28,item_115,word,食べ物と飲み物,food_drink,すいか,suika,watermelon,NA
E29,item_116,word,食べ物と飲み物,food_drink,スープ,suupu,soup,NA
E30,item_117,word,食べ物と飲み物,food_drink,スパゲッティー,supagettii,spaghetti,NA
E31,item_118,word,食べ物と飲み物,food_drink,ゼリー,zerii,jelly,NA
E32,item_119,word,食べ物と飲み物,food_drink,せんべい,senbei,rice_crackers,NA
E33,item_120,word,食べ物と飲み物,food_drink,大根,daikon,radish,NA
E34,item_121,word,食べ物と飲み物,food_drink,たまご,tamago,egg,NA
E35,item_122,word,食べ物と飲み物,food_drink,チーズ,chiizu,cheese,NA
E36,item_123,word,食べ物と飲み物,food_drink,チョコレート,chokoreeto,chocolate,NA
E37,item_124,word,食べ物と飲み物,food_drink,とうふ（豆腐）,toufu,tofu,NA
E38,item_125,word,食べ物と飲み物,food_drink,ﾄﾞｰﾅﾂ,doonatsu,donut,NA
E39,item_126,word,食べ物と飲み物,food_drink,トマト,tomato,tomato,NA
E40,item_127,word,食べ物と飲み物,food_drink,なし（梨）,nashi,pear,NA
E41,item_128,word,食べ物と飲み物,food_drink,なす,nasu,eggplant,NA
E42,item_129,word,食べ物と飲み物,food_drink,なっとう（納豆）,nattou,natto,NA
E43,item_130,word,食べ物と飲み物,food_drink,肉,niku,meat,NA
E44,item_131,word,食べ物と飲み物,food_drink,にんじん,ninjin,carrot,NA
E45,item_132,word,食べ物と飲み物,food_drink,のり（海苔）,nori,seaweed,NA
E46,item_133,word,食べ物と飲み物,food_drink,バター,bataa,butter,NA
E47,item_134,word,食べ物と飲み物,food_drink,バナナ,banana,banana,NA
E48,item_135,word,食べ物と飲み物,food_drink,パン,pan,bread,NA
E49,item_136,word,食べ物と飲み物,food_drink,ハム,hamu,ham,NA
E50,item_137,word,食べ物と飲み物,food_drink,ハンバーグ,hanbaagu,hamburger,NA
E51,item_138,word,食べ物と飲み物,food_drink,ピーマン,piiman,green_pepper,NA
E52,item_139,word,食べ物と飲み物,food_drink,ぶどう,budou,grape,NA
E53,item_140,word,食べ物と飲み物,food_drink,プリン,purin,pudding,NA
E54,item_141,word,食べ物と飲み物,food_drink,ほうれん草,hourensou,spinach,NA
E55,item_142,word,食べ物と飲み物,food_drink,ポッキー,pokkii,pocky,NA
E56,item_143,word,食べ物と飲み物,food_drink,ホットケーキ,hottokeeki,pancake,NA
E57,item_144,word,食べ物と飲み物,food_drink,ポテト（チップス）,potetochippusu,potato_chips,NA
E58,item_145,word,食べ物と飲み物,food_drink,豆,mame,bean,NA
E59,item_146,word,食べ物と飲み物,food_drink,みかん,mikan,orange,NA
E60,item_147,word,食べ物と飲み物,food_drink,水,mizu,water,NA
E61,item_148,word,食べ物と飲み物,food_drink,みそしる,misoshiru,miso_soup,NA
E62,item_149,word,食べ物と飲み物,food_drink,ミルク,miruku,milk,NA
E63,item_150,word,食べ物と飲み物,food_drink,メロン,meron,melon,NA
E64,item_151,word,食べ物と飲み物,food_drink,もも,momo,peach,NA
E65,item_152,word,食べ物と飲み物,food_drink,やさい,yasai,vegetable,NA
E66,item_153,word,食べ物と飲み物,food_drink,ヨーグルト,yooguruto,yogurt,NA
E67,item_154,word,食べ物と飲み物,food_drink,ラーメン,raamen,ramen,NA
E68,item_155,word,食べ物と飲み物,food_drink,リンゴ,ringo,apple,NA
F1,item_156,word,衣類,clothing,エプロン,epuron,apron,item_129
F2,item_157,word,衣類,clothing,オーバー,oobaa,overcoat,item_130
F3,item_158,word,衣類,clothing,おむつ,omutsu,diaper,item_131
F4,item_159,word,衣類,clothing,くつ,kutsu,shoes,item_132
F5,item_160,word,衣類,clothing,くつ下,kutsushita,socks,item_133
F6,item_161,word,衣類,clothing,ジーパン,jiipan,jeans,item_134
F7,item_162,word,衣類,clothing,シャツ,syatsu,shirt,item_135
F8,item_163,word,衣類,clothing,ジャンパー,janpaa,jacket,item_136
F9,item_164,word,衣類,clothing,スカート,sukaato,skirt,item_137
F10,item_165,word,衣類,clothing,ズック,zukku,zuck,NA
F11,item_166,word,衣類,clothing,ズボン,zubon,pants,NA
F12,item_167,word,衣類,clothing,スリッパ,surippa,slippers,NA
F13,item_168,word,衣類,clothing,セーター,seetaa,sweater,NA
F14,item_169,word,衣類,clothing,ソックス,sokkusu,socks,NA
F15,item_170,word,衣類,clothing,タイツ,taitsu,tights,NA
F16,item_171,word,衣類,clothing,チャック,chakku,zipper,NA
F17,item_172,word,衣類,clothing,てぶくろ,tebukuro,gloves,NA
F18,item_173,word,衣類,clothing,長ぐつ,nagagutsu,boots,NA
F19,item_174,word,衣類,clothing,ネクタイ,nekutai,tie,NA
F20,item_175,word,衣類,clothing,ネックレス,nekkuresu,necklace,NA
F21,item_176,word,衣類,clothing,パジャマ,pajama,pajama,NA
F22,item_177,word,衣類,clothing,パンツ,pantsu,shorts,NA
F23,item_178,word,衣類,clothing,ベルト,beruto,belt,NA
F24,item_179,word,衣類,clothing,ぼうし,boushi,hat,NA
F25,item_180,word,衣類,clothing,ボタン,botan,button,NA
F26,item_181,word,衣類,clothing,マフラー,mafuraa,scarf,NA
F27,item_182,word,衣類,clothing,洋服,youfuku,clothes,NA
F28,item_183,word,衣類,clothing,リボン,ribon,ribbon,NA
G1,item_184,word,体の部分,body_parts,あご,ago,chin,NA
G2,item_185,word,体の部分,body_parts,足,ashi,leg,NA
G3,item_186,word,体の部分,body_parts,あたま,atama,head,NA
G4,item_187,word,体の部分,body_parts,おしり,oshiri,buttocks,NA
G5,item_188,word,体の部分,body_parts,おチンチン,ochinchin,penis,NA
G6,item_189,word,体の部分,body_parts,おっぱい,oppai,breasts,NA
G7,item_190,word,体の部分,body_parts,おでこ,odeko,forehead,NA
G8,item_191,word,体の部分,body_parts,おなか,onaka,stomach,NA
G9,item_192,word,体の部分,body_parts,おへそ,oheso,navel,NA
G10,item_193,word,体の部分,body_parts,顔,kao,face,NA
G11,item_194,word,体の部分,body_parts,肩,kata,shoulder,NA
G12,item_195,word,体の部分,body_parts,かみ（髪）,kami,hair,NA
G13,item_196,word,体の部分,body_parts,くち,kuchi,mouth,NA
G14,item_197,word,体の部分,body_parts,くび,kubi,neck,NA
G15,item_198,word,体の部分,body_parts,けが,kega,injury,NA
G16,item_199,word,体の部分,body_parts,しっぽ,shippo,tail,NA
G17,item_200,word,体の部分,body_parts,背中,senaka,back,NA
G18,item_201,word,体の部分,body_parts,つめ,tsume,nail,NA
G19,item_202,word,体の部分,body_parts,手,te,hand,NA
G20,item_203,word,体の部分,body_parts,歯,ha,tooth,NA
G21,item_204,word,体の部分,body_parts,鼻,hana,nose,NA
G22,item_205,word,体の部分,body_parts,舌（べろ）,shita_bero,tongue,NA
G23,item_206,word,体の部分,body_parts,ほっぺ,hoppe,cheek,NA
G24,item_207,word,体の部分,body_parts,まゆ・まゆ毛,mayu_mayuge,eyebrow,NA
G25,item_208,word,体の部分,body_parts,耳,mimi,ear,NA
G26,item_209,word,体の部分,body_parts,目,me,eye,NA
G27,item_210,word,体の部分,body_parts,指,yubi,finger,NA
H1,item_211,word,家具と部屋,furniture_rooms,いす,isu,chair,item_168
H2,item_212,word,家具と部屋,furniture_rooms,エアコン,eakon,air_conditioner,NA
H3,item_213,word,家具と部屋,furniture_rooms,おしいれ,oshiire,closet,NA
H4,item_214,word,家具と部屋,furniture_rooms,おふろ（風呂場）,ofuro,bath,NA
H5,item_215,word,家具と部屋,furniture_rooms,おまる,omaru,potty,NA
H6,item_216,word,家具と部屋,furniture_rooms,カーテン,kaaten,curtain,NA
H7,item_217,word,家具と部屋,furniture_rooms,階段,kaidan,stairs,NA
H8,item_218,word,家具と部屋,furniture_rooms,げたばこ（げた箱）,getabako,shoes_rack,NA
H9,item_219,word,家具と部屋,furniture_rooms,玄関,genkan,entrance,NA
H10,item_220,word,家具と部屋,furniture_rooms,こたつ,kotatsu,kotatsu,NA
H11,item_221,word,家具と部屋,furniture_rooms,シャワー,syawaa,shower,NA
H12,item_222,word,家具と部屋,furniture_rooms,水道,suidou,water_crew,NA
H13,item_223,word,家具と部屋,furniture_rooms,ストーブ,sutoobu,stove,NA
H14,item_224,word,家具と部屋,furniture_rooms,扇風機,senpuuki,fan,NA
H15,item_225,word,家具と部屋,furniture_rooms,台所,daidokoro,kitchen,NA
H16,item_226,word,家具と部屋,furniture_rooms,たたみ,tatami,tatami,NA
H17,item_227,word,家具と部屋,furniture_rooms,タンス,tansu,wardrobe,NA
H18,item_228,word,家具と部屋,furniture_rooms,駐車場,cyuushajou,parking_lot,NA
H19,item_229,word,家具と部屋,furniture_rooms,机,tsukue,desk,NA
H20,item_230,word,家具と部屋,furniture_rooms,テーブル,teeburu,table,NA
H21,item_231,word,家具と部屋,furniture_rooms,テレビ,terebi,television,NA
H22,item_232,word,家具と部屋,furniture_rooms,電気,denki,light,NA
H23,item_233,word,家具と部屋,furniture_rooms,ドア,doa,door,NA
H24,item_234,word,家具と部屋,furniture_rooms,トイレ,toire,toilet,NA
H25,item_235,word,家具と部屋,furniture_rooms,ドライヤー,doraiyaa,hairdryer,NA
H26,item_236,word,家具と部屋,furniture_rooms,ピアノ,piano,piano,NA
H27,item_237,word,家具と部屋,furniture_rooms,ひきだし,hikidashi,drawer,NA
H28,item_238,word,家具と部屋,furniture_rooms,ビデオ,bideo,video,NA
H29,item_239,word,家具と部屋,furniture_rooms,ベッド,beddo,bed,NA
H30,item_240,word,家具と部屋,furniture_rooms,部屋,heya,room,NA
H31,item_241,word,家具と部屋,furniture_rooms,窓,mado,window,NA
H32,item_242,word,家具と部屋,furniture_rooms,冷蔵庫,reizouko,refrigerator,NA
H33,item_243,word,家具と部屋,furniture_rooms,レンジ,renji,range,NA
I1,item_244,word,小さな家庭用品,household,アイロン,airon,iron,NA
I2,item_245,word,小さな家庭用品,household,絵,e,picture,NA
I3,item_246,word,小さな家庭用品,household,お金,okane,money,NA
I4,item_247,word,小さな家庭用品,household,お皿,osara,dish,NA
I5,item_248,word,小さな家庭用品,household,かぎ（鍵）,kagi,key,NA
I6,item_249,word,小さな家庭用品,household,かご,kago,basket,NA
I7,item_250,word,小さな家庭用品,household,かさ（傘）,kasa,umbrella,NA
I8,item_251,word,小さな家庭用品,household,かばん,kaban,bag,NA
I9,item_252,word,小さな家庭用品,household,かみ（紙）,kami,paper,NA
I10,item_253,word,小さな家庭用品,household,カメラ,kamera,camera,NA
I11,item_254,word,小さな家庭用品,household,缶,kan,can,NA
I12,item_255,word,小さな家庭用品,household,くぎ,kugi,nail,NA
I13,item_256,word,小さな家庭用品,household,くし,kushi,comb,NA
I14,item_257,word,小さな家庭用品,household,くすり,kusuri,medicine,NA
I15,item_258,word,小さな家庭用品,household,コップ,koppu,cup,NA
I16,item_259,word,小さな家庭用品,household,ごみ箱,gomibako,trash_box,NA
I17,item_260,word,小さな家庭用品,household,財布,saifu,wallet,NA
I18,item_261,word,小さな家庭用品,household,シャンプー,syanpuu,shampoo,NA
I19,item_262,word,小さな家庭用品,household,ストロー,sutoroo,straw,NA
I20,item_263,word,小さな家庭用品,household,スプーン,supuun,spoon,NA
I21,item_264,word,小さな家庭用品,household,石鹸,sekken,soap,NA
I22,item_265,word,小さな家庭用品,household,ぞうきん,zoukin,rag,NA
I23,item_266,word,小さな家庭用品,household,そうじ機,soujiki,vacuum_cleaner,NA
I24,item_267,word,小さな家庭用品,household,タオル,taoru,towel,NA
I25,item_268,word,小さな家庭用品,household,茶わん,chawan,bowl,NA
I26,item_269,word,小さな家庭用品,household,ティッシュ,tissyu,tissue,NA
I27,item_270,word,小さな家庭用品,household,テープ,teepu,tape,NA
I28,item_271,word,小さな家庭用品,household,電池,denchi,battery,NA
I29,item_272,word,小さな家庭用品,household,でんわ（電話）,denwa,phone,NA
I30,item_273,word,小さな家庭用品,household,時計,tokei,clock,NA
I31,item_274,word,小さな家庭用品,household,ナイフ,naifu,knife,NA
I32,item_275,word,小さな家庭用品,household,なべ,nabe,pan,NA
I33,item_276,word,小さな家庭用品,household,バケツ,baketsu,bucket,NA
I34,item_277,word,小さな家庭用品,household,はこ（箱）,hako,box,NA
I35,item_278,word,小さな家庭用品,household,はさみ,hasami,scissors,NA
I36,item_279,word,小さな家庭用品,household,はし（箸）,hashi,chopsticks,NA
I37,item_280,word,小さな家庭用品,household,歯ブラシ,haburashi,toothbrush,NA
I38,item_281,word,小さな家庭用品,household,ハンカチ,hankachi,handkerchief,NA
I39,item_282,word,小さな家庭用品,household,びん,bin,bottle,NA
I40,item_283,word,小さな家庭用品,household,フォーク,fwooku,fork,NA
I41,item_284,word,小さな家庭用品,household,ふとん,futon,futon,NA
I42,item_285,word,小さな家庭用品,household,フライパン,furaipan,frying_pan,NA
I43,item_286,word,小さな家庭用品,household,ほうき,houki,broom,NA
I44,item_287,word,小さな家庭用品,household,包丁,houchou,kitchen_knife,NA
I45,item_288,word,小さな家庭用品,household,ポット,potto,pot,NA
I46,item_289,word,小さな家庭用品,household,マイク,maiku,microphone,NA
I47,item_290,word,小さな家庭用品,household,枕,makura,pillow,NA
I48,item_291,word,小さな家庭用品,household,めがね,megane,glasses,NA
I49,item_292,word,小さな家庭用品,household,めざまし,mezamashi,alarm_clock,NA
I50,item_293,word,小さな家庭用品,household,毛布,moufu,blanket,NA
J1,item_294,word,戸外のもの,outside,雨,ame,rain,NA
J2,item_295,word,戸外のもの,outside,石,ishi,stone,NA
J3,item_296,word,戸外のもの,outside,岩,iwa,rock,NA
J4,item_297,word,戸外のもの,outside,枝,eda,branch,NA
J5,item_298,word,戸外のもの,outside,お月さん,otsukisan,moon,NA
J6,item_299,word,戸外のもの,outside,お天気,otenki,weather,NA
J7,item_300,word,戸外のもの,outside,おひさま,ohisama,sun,NA
J8,item_301,word,戸外のもの,outside,風,kaze,wind,NA
J9,item_302,word,戸外のもの,outside,川,kawa,river,NA
J10,item_303,word,戸外のもの,outside,木,ki,tree,NA
J11,item_304,word,戸外のもの,outside,草,kusa,grass,NA
J12,item_305,word,戸外のもの,outside,雲,kumo,cloud,NA
J13,item_306,word,戸外のもの,outside,スコップ,sukoppu,scoop,NA
J14,item_307,word,戸外のもの,outside,砂場,sunaba,sandpit,NA
J15,item_308,word,戸外のもの,outside,すべり台,suberidai,slide,NA
J16,item_309,word,戸外のもの,outside,空,sora,sky,NA
J17,item_310,word,戸外のもの,outside,庭,niwa,garden,NA
J18,item_311,word,戸外のもの,outside,はしご,hashigo,ladder,NA
J19,item_312,word,戸外のもの,outside,旗,hata,flag,NA
J20,item_313,word,戸外のもの,outside,はっぱ,happa,leaf,NA
J21,item_314,word,戸外のもの,outside,花,hana,flower,NA
J22,item_315,word,戸外のもの,outside,プール,puuru,pool,NA
J23,item_316,word,戸外のもの,outside,ブランコ,buranko,swing,NA
J24,item_317,word,戸外のもの,outside,ベランダ,beranda,veranda,NA
J25,item_318,word,戸外のもの,outside,ホース,hoosu,hose,NA
J26,item_319,word,戸外のもの,outside,星,hoshi,star,NA
J27,item_320,word,戸外のもの,outside,水まき,mizumaki,watering,NA
J28,item_321,word,戸外のもの,outside,道,michi,road,NA
J29,item_322,word,戸外のもの,outside,屋根,yane,roof,NA
J30,item_323,word,戸外のもの,outside,雪,yuki,snow,NA
J31,item_324,word,戸外のもの,outside,雪だるま,yukidaruma,snowman,NA
K1,item_325,word,おでかけ,places,いえ（家）,ie,house,NA
K2,item_326,word,おでかけ,places,海,umi,sea,NA
K3,item_327,word,おでかけ,places,映画,eiga,movies,NA
K4,item_328,word,おでかけ,places,おうち,ouchi,house,NA
K5,item_329,word,おでかけ,places,お仕事,oshigoto,job,NA
K6,item_330,word,おでかけ,places,おそと,osoto,outside,NA
K7,item_331,word,おでかけ,places,お店,omise,shop,NA
K8,item_332,word,おでかけ,places,会社,kaisya,company,NA
K9,item_333,word,おでかけ,places,ガソリンスタンド,gasorinsutando,gas_station,NA
K10,item_334,word,おでかけ,places,学校,gakkou,school,NA
K11,item_335,word,おでかけ,places,キャンプ,kyanpu,camp,NA
K12,item_336,word,おでかけ,places,公園,kouen,park,NA
K13,item_337,word,おでかけ,places,サーカス,saakasu,circus,NA
K14,item_338,word,おでかけ,places,スーパー,suupaa,supermarket,NA
K15,item_339,word,おでかけ,places,デパート,depaato,department_store,NA
K16,item_340,word,おでかけ,places,動物園,doubutsuen,zoo,NA
K17,item_341,word,おでかけ,places,ピクニック,pikunikku,picnic,NA
K18,item_342,word,おでかけ,places,保育所,hoikujyo,nursery_school,NA
K19,item_343,word,おでかけ,places,森,mori,woods,NA
K20,item_344,word,おでかけ,places,山,yama,mountain,NA
K21,item_345,word,おでかけ,places,幼稚園,youchien,kindergarten,NA
K22,item_346,word,おでかけ,places,レストラン,resutoran,restaurant,NA
L1,item_347,word,人々,people,赤ちゃん,akachan,baby,NA
L2,item_348,word,人々,people,運転手,untensyu,driver,NA
L3,item_349,word,人々,people,お医者さん,oishasan,doctor,NA
L4,item_350,word,人々,people,王様,oosama,king,NA
L5,item_351,word,人々,people,お母さん,okaasan,mother,NA
L6,item_352,word,人々,people,おじいさん,ojiisan,grandfather,NA
L7,item_353,word,人々,people,おじさん,ojisan,uncle,NA
L8,item_354,word,人々,people,お相撲さん,osumousan,sumo_wrestler,NA
L9,item_355,word,人々,people,お父さん,otousan,father,NA
L10,item_356,word,人々,people,おともだち,otomodachi,friend,NA
L11,item_357,word,人々,people,お兄さん,oniisan,older_brother,NA
L12,item_358,word,人々,people,お姉さん,oneesan,older_sister,NA
L13,item_359,word,人々,people,おばあさん,obaasan,grandmother,NA
L14,item_360,word,人々,people,おばさん,obasan,aunt,NA
L15,item_361,word,人々,people,お姫様,ohimesama,princess,NA
L16,item_362,word,人々,people,おまわりさん,omawarisan,policeman,NA
L17,item_363,word,人々,people,看護婦さん,kangofusan,nurse,NA
L18,item_364,word,人々,people,キャラクターの名前（アンパンマン等）,particular_character_name,particular_character_name,NA
L19,item_365,word,人々,people,きょうだいの名前,particular_sibling_name,particular_sibling_name,NA
L20,item_366,word,人々,people,こども（子ども）,kodomo,child,NA
L21,item_367,word,人々,people,自分の名前,own_name,own_name,NA
L22,item_368,word,人々,people,せんせい（先生）,sensei,teacher,NA
L23,item_369,word,人々,people,先生の名前,particular_teacher_name,particular_teacher_name,NA
L24,item_370,word,人々,people,友だちの名前,particular_friend_name,particular_friend_name,NA
L25,item_371,word,人々,people,パパ,papa,daddy,NA
L26,item_372,word,人々,people,人,hito,people,NA
L27,item_373,word,人々,people,ペットの名前,particular_pet_name,particular_pet_name,NA
L28,item_374,word,人々,people,ママ,mama,mom,NA
L29,item_375,word,人々,people,郵便屋さん,yuubinyasan,postman,NA
M1,item_376,word,日課とあいさつ,games_routines,ありがとう,arigatou,thank_you,NA
M2,item_377,word,日課とあいさつ,games_routines,いただきます,itadakimasu,let’s_eat,NA
M3,item_378,word,日課とあいさつ,games_routines,いってらっしゃい,itterassyai,have_a_good_day,NA
M4,item_379,word,日課とあいさつ,games_routines,（イナイイナイ）バー,inaiinaibaa,peekaboo,NA
M5,item_380,word,日課とあいさつ,games_routines,うんち,unchi,poop,NA
M6,item_381,word,日課とあいさつ,games_routines,おうた（お歌）,outa,song,NA
M7,item_382,word,日課とあいさつ,games_routines,お買いもの,okaimono,shopping,NA
M8,item_383,word,日課とあいさつ,games_routines,おしっこ,oshikko,pee,NA
M9,item_384,word,日課とあいさつ,games_routines,おしまい,oshimai,end,NA
M10,item_385,word,日課とあいさつ,games_routines,おはよう,ohayou,good_morning,NA
M11,item_386,word,日課とあいさつ,games_routines,おふろ（入浴）,ofuro,bath,NA
M12,item_387,word,日課とあいさつ,games_routines,おやすみ,oyasumi,good_night,NA
M13,item_388,word,日課とあいさつ,games_routines,おやつ,oyatsu,snack,NA
M14,item_389,word,日課とあいさつ,games_routines,ごちそうさま,gochisousama,thank_you_for_the_meal,NA
M15,item_390,word,日課とあいさつ,games_routines,ごはん（食事）,gohan,meal,NA
M16,item_391,word,日課とあいさつ,games_routines,ごめんなさい,gomennasai,sorry,NA
M17,item_392,word,日課とあいさつ,games_routines,こんにちは,konnichiwa,hello,NA
M18,item_393,word,日課とあいさつ,games_routines,シー（静かに）,shii,shush,NA
M19,item_394,word,日課とあいさつ,games_routines,じゃんけんぽん,jankenpon,rock_paper_scissors,NA
M20,item_395,word,日課とあいさつ,games_routines,だめ,dame,no_good,NA
M21,item_396,word,日課とあいさつ,games_routines,ちょうだい,choudai,give_me,NA
M22,item_397,word,日課とあいさつ,games_routines,どうぞ,douzo,here_you_are,NA
M23,item_398,word,日課とあいさつ,games_routines,はい,hai,yes,NA
M24,item_399,word,日課とあいさつ,games_routines,バイバイ,baibai,bye_bye,NA
M25,item_400,word,日課とあいさつ,games_routines,はみがき（歯磨き）,hamigaki,teethbrushing,NA
N1,item_401,word,動作語,action_words,あがる,agaru,go_up,NA
N2,item_402,word,動作語,action_words,あける（開ける）,akeru,open,NA
N3,item_403,word,動作語,action_words,あげる,ageru,rise,NA
N4,item_404,word,動作語,action_words,あそぶ（遊ぶ）,asobu,play,NA
N5,item_405,word,動作語,action_words,あらう（洗う）,arau,wash,NA
N6,item_406,word,動作語,action_words,ある,aru,exist,NA
N7,item_407,word,動作語,action_words,あるく（歩く）,aruku,walk,NA
N8,item_408,word,動作語,action_words,いう（言う）,iu,say,NA
N9,item_409,word,動作語,action_words,行く,iku,go,NA
N10,item_410,word,動作語,action_words,いる（要る）,iru,need,NA
N11,item_411,word,動作語,action_words,いる（居る）,iru,be_there,NA
N12,item_412,word,動作語,action_words,いれる（入れる）,ireru,put_in,NA
N13,item_413,word,動作語,action_words,うたう（歌う）,utau,sing,NA
N14,item_414,word,動作語,action_words,おきる（起きる）,okiru,get_up,NA
N15,item_415,word,動作語,action_words,おく（置く）,oku,put,NA
N16,item_416,word,動作語,action_words,おこる（怒る）,okoru,get_angry,NA
N17,item_417,word,動作語,action_words,おす（押す）,osu,push,NA
N18,item_418,word,動作語,action_words,おちる（落ちる）,ochiru,fall,NA
N19,item_419,word,動作語,action_words,おどる,odoru,dance,NA
N20,item_420,word,動作語,action_words,おぶう,obuu,to_piggyback,NA
N21,item_421,word,動作語,action_words,およぐ（泳ぐ）,oyogu,swim,NA
N22,item_422,word,動作語,action_words,おりる（降りる）,oriru,get_off,NA
N23,item_423,word,動作語,action_words,おわる（終わる）,owaru,end,NA
N24,item_424,word,動作語,action_words,買う,kau,buy,NA
N25,item_425,word,動作語,action_words,かえる（帰る）,kaeru,go_home,NA
N26,item_426,word,動作語,action_words,かく（書く）,kaku,write,NA
N27,item_427,word,動作語,action_words,かくす（隠す）,kakusu,hide,NA
N28,item_428,word,動作語,action_words,かける,kakeru,hang,NA
N29,item_429,word,動作語,action_words,かす（貸す）,kasu,lend,NA
N30,item_430,word,動作語,action_words,かたづける,katazukeru,clean_up,NA
N31,item_431,word,動作語,action_words,かぶる,kaburu,put_on,NA
N32,item_432,word,動作語,action_words,消える,kieru,disappear,NA
N33,item_433,word,動作語,action_words,きく（聞く）,kiku,listen,NA
N34,item_434,word,動作語,action_words,聞こえる,kikoeru,hear,NA
N35,item_435,word,動作語,action_words,着る,kiru,wear,NA
N36,item_436,word,動作語,action_words,切る,kiru,cut,NA
N37,item_437,word,動作語,action_words,くっつける,kuttsukeru,stick,NA
N38,item_438,word,動作語,action_words,くる（来る）,kuru,come,NA
N39,item_439,word,動作語,action_words,ける（蹴る）,keru,kick,NA
N40,item_440,word,動作語,action_words,こぼす,kobosu,spill,NA
N41,item_441,word,動作語,action_words,ころぶ,korobu,fall,NA
N42,item_442,word,動作語,action_words,こわす（壊す）,kowasu,break_down,NA
N43,item_443,word,動作語,action_words,さわる（触る）,sawaru,touch,NA
N44,item_444,word,動作語,action_words,しめる（閉める）,shimeru,close,NA
N45,item_445,word,動作語,action_words,しる（知る）,shiru,know,NA
N46,item_446,word,動作語,action_words,すき（好き）,suki,like,NA
N47,item_447,word,動作語,action_words,捨てる,suteru,throw_away,NA
N48,item_448,word,動作語,action_words,する,suru,do,NA
N49,item_449,word,動作語,action_words,すわる,suwaru,sit,NA
N50,item_450,word,動作語,action_words,だく（抱く）,daku,hug,NA
N51,item_451,word,動作語,action_words,だす（出す）,dasu,put_out,NA
N52,item_452,word,動作語,action_words,たすける（助ける）,tasukeru,help,NA
N53,item_453,word,動作語,action_words,たたく,tataku,hit,NA
N54,item_454,word,動作語,action_words,たつ（立つ）,tatsu,stand,NA
N55,item_455,word,動作語,action_words,たべる（食べる）,taberu,eat,NA
N56,item_456,word,動作語,action_words,つかまえる,tsukamaeru,catch,NA
N57,item_457,word,動作語,action_words,つく（着く）,tsuku,reach,NA
N58,item_458,word,動作語,action_words,つくる（作る）,tsukuru,create,NA
N59,item_459,word,動作語,action_words,つける（付ける）,tsukeru,attach,NA
N60,item_460,word,動作語,action_words,できる（出来る）,dekiru,can_do,NA
N61,item_461,word,動作語,action_words,でる（出る）,deru,get_out,NA
N62,item_462,word,動作語,action_words,とぶ（飛ぶ）,tobu,jump,NA
N63,item_463,word,動作語,action_words,とまる,tomaru,stop,NA
N64,item_464,word,動作語,action_words,とる（取る）,toru,take,NA
N65,item_465,word,動作語,action_words,なおす,naosu,fix,NA
N66,item_466,word,動作語,action_words,なく（泣く）,naku,cry,NA
N67,item_467,word,動作語,action_words,なげる（投げる）,nageru,throw,NA
N68,item_468,word,動作語,action_words,なめる,nameru,lick,NA
N69,item_469,word,動作語,action_words,なる（…なる）,naru,become,NA
N70,item_470,word,動作語,action_words,にげる（逃げる）,nigeru,escape,NA
N71,item_471,word,動作語,action_words,ぬぐ（脱ぐ）,nugu,take_off,NA
N72,item_472,word,動作語,action_words,ぬる（塗る）,nuru,paint,NA
N73,item_473,word,動作語,action_words,ねる（寝る）,neru,sleep,NA
N74,item_474,word,動作語,action_words,のぼる（登る）,noboru,climb,NA
N75,item_475,word,動作語,action_words,のむ（飲む）,nomu,drink,NA
N76,item_476,word,動作語,action_words,のる（乗る）,noru,get_on,NA
N77,item_477,word,動作語,action_words,はいる（入る）,hairu,enter,NA
N78,item_478,word,動作語,action_words,はく（履く）,haku,wear,NA
N79,item_479,word,動作語,action_words,はこぶ（運ぶ）,hakobu,carry,NA
N80,item_480,word,動作語,action_words,はしる（走る）,hashiru,run,NA
N81,item_481,word,動作語,action_words,ひっぱる（引っぱる）,hipparu,pull,NA
N82,item_482,word,動作語,action_words,ひろう（拾う）,hirou,pick_up,NA
N83,item_483,word,動作語,action_words,ふく（拭く）,fuku,wipe,NA
N84,item_484,word,動作語,action_words,ふく（吹く）,fuku,blow,NA
N85,item_485,word,動作語,action_words,ぶつかる,butsukaru,collide,NA
N86,item_486,word,動作語,action_words,ほしい（欲しい）,hoshii,want,NA
N87,item_487,word,動作語,action_words,まつ（待つ）,matsu,wait,NA
N88,item_488,word,動作語,action_words,まわる,mawaru,turn_around,NA
N89,item_489,word,動作語,action_words,みえる,mieru,appear,NA
N90,item_490,word,動作語,action_words,みせる,miseru,show,NA
N91,item_491,word,動作語,action_words,みる（見る）,miru,look,NA
N92,item_492,word,動作語,action_words,むく（皮など）,muku,peel,NA
N93,item_493,word,動作語,action_words,もつ（持つ）,motsu,have,NA
N94,item_494,word,動作語,action_words,持ってくる,mottekuru,bring_up,NA
N95,item_495,word,動作語,action_words,もらう,morau,get,NA
N96,item_496,word,動作語,action_words,やぶる（破る）,yaburu,break,NA
N97,item_497,word,動作語,action_words,やめる,yameru,stop,NA
N98,item_498,word,動作語,action_words,やる,yaru,do,NA
N99,item_499,word,動作語,action_words,よごす（汚す）,yogosu,defile,NA
N100,item_500,word,動作語,action_words,よぶ（呼ぶ）,yobu,call,NA
N101,item_501,word,動作語,action_words,よむ（読む）,yomu,read,NA
N102,item_502,word,動作語,action_words,わかる,wakaru,understand,NA
N103,item_503,word,動作語,action_words,わらう（笑う）,warau,laugh,NA
O1,item_504,word,時間についてのことば,time_words,あさ（朝）,asa,morning,NA
O2,item_505,word,時間についてのことば,time_words,あした（明日）,ashita,tomorrow,NA
O3,item_506,word,時間についてのことば,time_words,あとで,atode,later,NA
O4,item_507,word,時間についてのことば,time_words,いま（今）,ima,now,NA
O5,item_508,word,時間についてのことば,time_words,きのう（昨日）,kinou,yesterday,NA
O6,item_509,word,時間についてのことば,time_words,きょう（今日）,kyou,today,NA
O7,item_510,word,時間についてのことば,time_words,さっき,sakki,a_moment_ago,NA
O8,item_511,word,時間についてのことば,time_words,時間,jikan,time,NA
O9,item_512,word,時間についてのことば,time_words,ひる（昼）,hiru,daytime,NA
O10,item_513,word,時間についてのことば,time_words,まだ,mada,yet,NA
O11,item_514,word,時間についてのことば,time_words,夕方,yuugata,evening,NA
O12,item_515,word,時間についてのことば,time_words,よる（夜）,yoru,night,NA
P1,item_516,word,ようす・性質,descriptive_words,青い,aoi,blue,NA
P2,item_517,word,ようす・性質,descriptive_words,赤い,akai,red,NA
P3,item_518,word,ようす・性質,descriptive_words,明るい,akarui,bright,NA
P4,item_519,word,ようす・性質,descriptive_words,あたらしい,atarashii,new,NA
P5,item_520,word,ようす・性質,descriptive_words,あつい（熱い・暑い）,atsui,hot,NA
P6,item_521,word,ようす・性質,descriptive_words,あまい,amai,sweet,NA
P7,item_522,word,ようす・性質,descriptive_words,いい,ii,good,NA
P8,item_523,word,ようす・性質,descriptive_words,いじわる,ijiwaru,mean,NA
P9,item_524,word,ようす・性質,descriptive_words,いたい（痛い）,itai,painful,NA
P10,item_525,word,ようす・性質,descriptive_words,うまい,umai,good,NA
P11,item_526,word,ようす・性質,descriptive_words,うるさい,urusai,noisy,NA
P12,item_527,word,ようす・性質,descriptive_words,うれしい,ureshii,glad,NA
P13,item_528,word,ようす・性質,descriptive_words,おいしい,oishii,delicious,NA
P14,item_529,word,ようす・性質,descriptive_words,大きい,ookii,large,NA
P15,item_530,word,ようす・性質,descriptive_words,おかしい,okashii,funny,NA
P16,item_531,word,ようす・性質,descriptive_words,遅い,osoi,slow,NA
P17,item_532,word,ようす・性質,descriptive_words,重い,omoi,heavy,NA
P18,item_533,word,ようす・性質,descriptive_words,おりこう,orikou,clever,NA
P19,item_534,word,ようす・性質,descriptive_words,かたい（固い）,katai,hard,NA
P20,item_535,word,ようす・性質,descriptive_words,かゆい,kayui,itchy,NA
P21,item_536,word,ようす・性質,descriptive_words,からい,karai,spicy,NA
P22,item_537,word,ようす・性質,descriptive_words,からっぽ,karappo,empty,NA
P23,item_538,word,ようす・性質,descriptive_words,かわいい,kawaii,cute,NA
P24,item_539,word,ようす・性質,descriptive_words,かわいそう,kawaisou,pity,NA
P25,item_540,word,ようす・性質,descriptive_words,かわいた,kawaita,dried,NA
P26,item_541,word,ようす・性質,descriptive_words,きたない,kitanai,dirty,NA
P27,item_542,word,ようす・性質,descriptive_words,きらい（嫌い）,kirai,dislike,NA
P28,item_543,word,ようす・性質,descriptive_words,きれい,kirei,clean,NA
P29,item_544,word,ようす・性質,descriptive_words,くさい（臭い）,kusai,odor,NA
P30,item_545,word,ようす・性質,descriptive_words,くらい（暗い）,kurai,dark,NA
P31,item_546,word,ようす・性質,descriptive_words,黒い,kuroi,black,NA
P32,item_547,word,ようす・性質,descriptive_words,元気,genki,energy,NA
P33,item_548,word,ようす・性質,descriptive_words,こわい,kowai,scary,NA
P34,item_549,word,ようす・性質,descriptive_words,寒い,samui,cold,NA
P35,item_550,word,ようす・性質,descriptive_words,四角い,shikakui,square,NA
P36,item_551,word,ようす・性質,descriptive_words,しずか（静か）,shizuka,quiet,NA
P37,item_552,word,ようす・性質,descriptive_words,じょうず,jyouzu,good,NA
P38,item_553,word,ようす・性質,descriptive_words,白い,shiroi,white,NA
P39,item_554,word,ようす・性質,descriptive_words,すごい,sugoi,great,NA
P40,item_555,word,ようす・性質,descriptive_words,すっぱい,suppai,sour,NA
P41,item_556,word,ようす・性質,descriptive_words,だいじ（大事）,daiji,important,NA
P42,item_557,word,ようす・性質,descriptive_words,大丈夫,daijoubu,all_right,NA
P43,item_558,word,ようす・性質,descriptive_words,たかい（高い）,takai,high,NA
P44,item_559,word,ようす・性質,descriptive_words,たのしい（楽しい）,tanoshii,pleasant,NA
P45,item_560,word,ようす・性質,descriptive_words,小さい,chiisai,small,NA
P46,item_561,word,ようす・性質,descriptive_words,ちがう,chigau,wrong,NA
P47,item_562,word,ようす・性質,descriptive_words,疲れた,tsukareta,exhausted,NA
P48,item_563,word,ようす・性質,descriptive_words,つめたい（冷たい）,tsumetai,cold,NA
P49,item_564,word,ようす・性質,descriptive_words,ない,nai,none,NA
P50,item_565,word,ようす・性質,descriptive_words,長い,nagai,long,NA
P51,item_566,word,ようす・性質,descriptive_words,ぬれた（濡れた）,nureta,wet,NA
P52,item_567,word,ようす・性質,descriptive_words,ねむい,nemui,sleepy,NA
P53,item_568,word,ようす・性質,descriptive_words,はやい,hayai,fast,NA
P54,item_569,word,ようす・性質,descriptive_words,病気,byouki,sick,NA
P55,item_570,word,ようす・性質,descriptive_words,へん（変）,hen,strange,NA
P56,item_571,word,ようす・性質,descriptive_words,まずい,mazui,bad_taste,NA
P57,item_572,word,ようす・性質,descriptive_words,まるい（丸い）,marui,round,NA
P58,item_573,word,ようす・性質,descriptive_words,みどり（緑）,midori,green,NA
P59,item_574,word,ようす・性質,descriptive_words,むずかしい,muzukashii,difficult,NA
P60,item_575,word,ようす・性質,descriptive_words,やさしい,yasashii,easy,NA
P61,item_576,word,ようす・性質,descriptive_words,やわらかい（柔らかい）,yawarakai,soft,NA
P62,item_577,word,ようす・性質,descriptive_words,ゆっくり,yukkuri,slowly,NA
P63,item_578,word,ようす・性質,descriptive_words,悪い,warui,bad,NA
Q1,item_579,word,代名詞,pronouns,あそこ,asoko,overthere,NA
Q2,item_580,word,代名詞,pronouns,あっち,acchi,overthere,NA
Q3,item_581,word,代名詞,pronouns,あの,ano,that,NA
Q4,item_582,word,代名詞,pronouns,あれ,are,that,NA
Q5,item_583,word,代名詞,pronouns,あんた,anta,you,NA
Q6,item_584,word,代名詞,pronouns,あんな,anna,such,NA
Q7,item_585,word,代名詞,pronouns,こう,kou,like_this,NA
Q8,item_586,word,代名詞,pronouns,ここ,koko,here,NA
Q9,item_587,word,代名詞,pronouns,こっち,kocchi,here,NA
Q10,item_588,word,代名詞,pronouns,この,kono,this,NA
Q11,item_589,word,代名詞,pronouns,これ,kore,this,NA
Q12,item_590,word,代名詞,pronouns,こんな,konna,such,NA
Q13,item_591,word,代名詞,pronouns,そう,sou,so,NA
Q14,item_592,word,代名詞,pronouns,そこ,soko,there,NA
Q15,item_593,word,代名詞,pronouns,そっち,socchi,over_there,NA
Q16,item_594,word,代名詞,pronouns,その,sono,that,NA
Q17,item_595,word,代名詞,pronouns,それ,sore,it,NA
Q18,item_596,word,代名詞,pronouns,そんな,sonna,such,NA
Q19,item_597,word,代名詞,pronouns,ぼく,boku,i,NA
Q20,item_598,word,代名詞,pronouns,ぼくの,bokuno,my,NA
Q21,item_599,word,代名詞,pronouns,わたし,watashi,i,NA
Q22,item_600,word,代名詞,pronouns,わたしの,watashino,my,NA
R1,item_601,word,質問のことば,question_words,いつ,itsu,when,NA
R2,item_602,word,質問のことば,question_words,だれ,dare,who,NA
R3,item_603,word,質問のことば,question_words,どう,dou,how,NA
R4,item_604,word,質問のことば,question_words,どうして,doushite,why,NA
R5,item_605,word,質問のことば,question_words,どこ,doko,where,NA
R6,item_606,word,質問のことば,question_words,どっち,docchi,which,NA
R7,item_607,word,質問のことば,question_words,どれ,dore,which_one,NA
R8,item_608,word,質問のことば,question_words,なぜ,naze,why,NA
R9,item_609,word,質問のことば,question_words,なに,nani,what,NA
R10,item_610,word,質問のことば,question_words,なんで,nande,why,NA
S1,item_611,word,位置と場所についてのことば,locations,あいだ,aida,between,NA
S2,item_612,word,位置と場所についてのことば,locations,うえ（上）,ue,up,NA
S3,item_613,word,位置と場所についてのことば,locations,うしろ（後ろ）,ushiro,behind,NA
S4,item_614,word,位置と場所についてのことば,locations,うち（内）,uchi,inside,NA
S5,item_615,word,位置と場所についてのことば,locations,かど（角）,kado,horn,NA
S6,item_616,word,位置と場所についてのことば,locations,した（下）,shita,under,NA
S7,item_617,word,位置と場所についてのことば,locations,すみ（隅）,sumi,corner,NA
S8,item_618,word,位置と場所についてのことば,locations,そと（外）,soto,outside,NA
S9,item_619,word,位置と場所についてのことば,locations,そば,soba,by_the_side,NA
S10,item_620,word,位置と場所についてのことば,locations,近く,chikaku,near,NA
S11,item_621,word,位置と場所についてのことば,locations,つぎ（次）,tsugi,next,NA
S12,item_622,word,位置と場所についてのことば,locations,遠く,tooku,far,NA
S13,item_623,word,位置と場所についてのことば,locations,ところ・とこ,tokoro_toko,place,NA
S14,item_624,word,位置と場所についてのことば,locations,となり（隣り）,tonari,next_to,NA
S15,item_625,word,位置と場所についてのことば,locations,なか（中）,naka,center,NA
S16,item_626,word,位置と場所についてのことば,locations,はし（端）,hashi,end,NA
S17,item_627,word,位置と場所についてのことば,locations,反対,hantai,opposite,NA
S18,item_628,word,位置と場所についてのことば,locations,左,hidari,left,NA
S19,item_629,word,位置と場所についてのことば,locations,ふち（縁）,fuchi,edge,NA
S20,item_630,word,位置と場所についてのことば,locations,まえ（前）,mae,before,NA
S21,item_631,word,位置と場所についてのことば,locations,まわり,mawari,around,NA
S22,item_632,word,位置と場所についてのことば,locations,まん中,mannaka,middle,NA
S23,item_633,word,位置と場所についてのことば,locations,右,migi,right,NA
S24,item_634,word,位置と場所についてのことば,locations,むこう（向こう）,mukou,over_there,NA
S25,item_635,word,位置と場所についてのことば,locations,よこ（横）,yoko,beside,NA
S26,item_636,word,位置と場所についてのことば,locations,わき,waki,side,NA
T1,item_637,word,数量をあらわすことば,quantifiers,いち,ichi,one,NA
T2,item_638,word,数量をあらわすことば,quantifiers,いちばん（一番）,ichiban,first,NA
T3,item_639,word,数量をあらわすことば,quantifiers,いっかい（一回）,ikkai,once,NA
T4,item_640,word,数量をあらわすことば,quantifiers,いっしょ（一緒）,issho,together,NA
T5,item_641,word,数量をあらわすことば,quantifiers,いっぱい,ippai,full,NA
T6,item_642,word,数量をあらわすことば,quantifiers,同じ,onaji,same,NA
T7,item_643,word,数量をあらわすことば,quantifiers,ぜんぶ（全部）,zenbu,all,NA
T8,item_644,word,数量をあらわすことば,quantifiers,たくさん,takusan,lots,NA
T9,item_645,word,数量をあらわすことば,quantifiers,ちょっと,chotto,a_little,NA
T10,item_646,word,数量をあらわすことば,quantifiers,なし,nashi,none,NA
T11,item_647,word,数量をあらわすことば,quantifiers,半分,hanbun,half,NA
T12,item_648,word,数量をあらわすことば,quantifiers,ひとつ,hitotsu,one,NA
T13,item_649,word,数量をあらわすことば,quantifiers,ほかの,hokano,other,NA
T14,item_650,word,数量をあらわすことば,quantifiers,みんな,minna,everyone,NA
T15,item_651,word,数量をあらわすことば,quantifiers,もういっかい,mouikkai,again,NA
T16,item_652,word,数量をあらわすことば,quantifiers,もうひとつ・もひとつ,mouhitotsu_mohitotsu,another,NA
T17,item_653,word,数量をあらわすことば,quantifiers,もっと,motto,more,NA
U1,item_654,word,接続語,connecting_words,そして,soshite,and,NA
U2,item_655,word,接続語,connecting_words,だから,dakara,so,NA
U3,item_656,word,接続語,connecting_words,だけど,dakedo,however,NA
U4,item_657,word,接続語,connecting_words,だって,datte,because,NA
U5,item_658,word,接続語,connecting_words,でも,demo,but,NA
U6,item_659,word,接続語,connecting_words,もしも,moshimo,if,NA
V1,item_660,word,幼児語（その２）,sounds2,エンエン（泣く）,enen,cry,NA
V2,item_661,word,幼児語（その２）,sounds2,おてて（お手々）,otete,hand,NA
V3,item_662,word,幼児語（その２）,sounds2,おんぶ,onbu,piggyback_ride,NA
V4,item_663,word,幼児語（その２）,sounds2,カーカー（カラス）,kaakaa,caw_caw,NA
V5,item_664,word,幼児語（その２）,sounds2,きれいきれい,kireikirei,clean_up,NA
V6,item_665,word,幼児語（その２）,sounds2,クック（靴）,kukku,shoes,NA
V7,item_666,word,幼児語（その２）,sounds2,ぐるぐる,guruguru,spin,NA
V8,item_667,word,幼児語（その２）,sounds2,ごっつん,gottsun,hit_head,NA
V9,item_668,word,幼児語（その２）,sounds2,ジャー（水などこぼす時）,jaa,spill_water,NA
V10,item_669,word,幼児語（その２）,sounds2,ジージ・ジジ（祖父）,jiiji_jiji,grandfather,NA
V11,item_670,word,幼児語（その２）,sounds2,ジージ（字）,jiiji,writing,NA
V12,item_671,word,幼児語（その２）,sounds2,シーシ（おしっこ）,shiishi,pee,NA
V13,item_672,word,幼児語（その２）,sounds2,タイタイ・おとと（魚）,taitai_ototo,fish,NA
V14,item_673,word,幼児語（その２）,sounds2,だっこ,dakko,hold_me,NA
V15,item_674,word,幼児語（その２）,sounds2,ちゃんこ（おすわり）,chanko,sitting,NA
V16,item_675,word,幼児語（その２）,sounds2,チューチュー（ねずみ）,cyuucyuu,squeak,NA
V17,item_676,word,幼児語（その２）,sounds2,チュンチュン（鳥）,cyuncyun,little_bird,NA
V18,item_677,word,幼児語（その２）,sounds2,チョキチョキ（はさみ）,chokichoki,scissors,NA
V19,item_678,word,幼児語（その２）,sounds2,ないない（片づけ）,nainai,clean_up,NA
V20,item_679,word,幼児語（その２）,sounds2,ネンネ,nenne,sleep,NA
V21,item_680,word,幼児語（その２）,sounds2,バーバ・ババ（祖母）,baaba_baba,grandmother,NA
V22,item_681,word,幼児語（その２）,sounds2,パカパカ（馬）,pakapaka,horse,NA
V23,item_682,word,幼児語（その２）,sounds2,パクパク（食べる時）,pakupaku,eat,NA
V24,item_683,word,幼児語（その２）,sounds2,ぴよぴよ（ひよこ）,piyopiyo,chirp,NA
V25,item_684,word,幼児語（その２）,sounds2,ブーブー（豚）,buubuu,oink,NA
V26,item_685,word,幼児語（その２）,sounds2,ブーン（飛行機）,buun,airplane,NA
V27,item_686,word,幼児語（その２）,sounds2,ポーン（投げる）,poon,throw,NA
V28,item_687,word,幼児語（その２）,sounds2,ポンポン（おなか）,ponpon,stomach,NA
V29,item_688,word,幼児語（その２）,sounds2,マンマ（食べ物）,manma,food,NA
W1,item_689,word,会話語,conversations,あっ,at,ah,NA
W2,item_690,word,会話語,conversations,あのね,anone,well,NA
W3,item_691,word,会話語,conversations,あれっ・あら,aret_ara,what?,NA
W4,item_692,word,会話語,conversations,いいよ,iiyo,ok,NA
W5,item_693,word,会話語,conversations,いや,iya,disagreeable,NA
W6,item_694,word,会話語,conversations,ううん（打ち消し）,uun,no,NA
W7,item_695,word,会話語,conversations,うん（返事として）,un,yup,NA
W8,item_696,word,会話語,conversations,えっと・ええと,etto_eeto,um,NA
W9,item_697,word,会話語,conversations,そうそう,sousou,oh_yeah,NA
W10,item_698,word,会話語,conversations,ねえ,nee,hey,NA
W11,item_699,word,会話語,conversations,ほら,hora,you_see,NA
W12,item_700,word,会話語,conversations,もしもし,moshimoshi,hello,NA
W13,item_701,word,会話語,conversations,やだ・いやだ,yada_iyada,no,NA
W14,item_702,word,会話語,conversations,ん（間をとるのに）,n,hmm,NA
X1,item_703,word,その他,others,あった（見つけた時に）,atta,found_it,NA
X2,item_704,word,その他,others,おいで,oide,come_here,NA
X3,item_705,word,その他,others,カンパーイ（乾杯）,kanpaai,cheers,NA
X4,item_706,word,その他,others,こんど,kondo,next_time,NA
X5,item_707,word,その他,others,しまう,shimau,store,NA
X6,item_708,word,その他,others,また,mata,also,NA
X7,item_709,word,その他,others,もう,mou,already,NA
X8,item_710,word,その他,others,よいしょ,yoisho,heave_ho,NA
X9,item_711,word,その他,others,よしよし,yoshiyoshi,there_there,NA
