item_row,F1,F2,item_id,category,english_gloss,pos2
item_13,0.86834915295299675,0.1526892122599202,item_13,animals,alligator,noun
item_14,0.8571599726495801,0.08607038521778732,item_14,animals,animal,noun
item_15,0.8036857840734322,0.10906599864797593,item_15,animals,ant,noun
item_16,0.8129323296101119,0.23833553920350697,item_16,animals,bear,noun
item_17,0.8051013421100544,0.1733707680979507,item_17,animals,bee,noun
item_18,0.8202810566215356,0.26174104644077206,item_18,animals,bird,noun
item_19,0.8221882119927423,0.12402664247963191,item_19,animals,bug,noun
item_20,0.8462711006246522,0.17202720239597777,item_20,animals,bunny,noun
item_21,0.8746729415365888,0.13771047224284208,item_21,animals,butterfly,noun
item_22,0.7913219336238304,0.1452391050567349,item_22,animals,cat,noun
item_23,0.8684333375854075,0.1333147243521597,item_23,animals,chicken (animal),noun
item_24,0.8533163359682596,0.19544102120114676,item_24,animals,cow,noun
item_25,0.7792016701394079,0.18832602045844915,item_25,animals,deer,noun
item_26,0.7407732651544319,0.20027814231626026,item_26,animals,dog,noun
item_27,0.7747786911834571,0.1801023433415433,item_27,animals,donkey,noun
item_28,0.7914096842595265,0.2704089440404022,item_28,animals,duck,noun
item_29,0.8864630828447211,0.1613136984331208,item_29,animals,elephant,noun
item_30,0.8495604031731036,0.18284838181929208,item_30,animals,fish (animal),noun
item_31,0.8928708926096652,0.16339609085695334,item_31,animals,frog,noun
item_32,0.8444365780693566,0.18725033061266702,item_32,animals,giraffe,noun
item_33,0.7926297829603346,0.20258542163400553,item_33,animals,goose,noun
item_34,0.7834692916466014,0.17045948614482748,item_34,animals,hen,noun
item_35,0.8857626855292736,0.17424791753549293,item_35,animals,horse,noun
item_36,0.6991572655915693,0.1460162582832464,item_36,animals,kitty,noun
item_37,0.8211123003982469,0.16958694235163294,item_37,animals,lamb,noun
item_38,0.877901871230969,0.1700253562879686,item_38,animals,lion,noun
item_39,0.8861832589483722,0.14035294282607935,item_39,animals,monkey,noun
item_40,0.7556832225046203,0.18425285329708885,item_40,animals,moose,noun
item_41,0.866777877929402,0.17569540174477397,item_41,animals,mouse,noun
item_42,0.7917359028202019,0.2323148300187673,item_42,animals,owl,noun
item_43,0.82895555275475,0.11969823926845524,item_43,animals,penguin,noun
item_44,0.8901145961701973,0.17273721994784275,item_44,animals,pig,noun
item_45,0.7846288816600241,0.12982018736142162,item_45,animals,pony,noun
item_46,0.7715668273718025,0.08688281602492633,item_46,animals,puppy,noun
item_47,0.8444661656908743,0.18582043460744774,item_47,animals,rooster,noun
item_48,0.83969336106788806,0.21519067251987448,item_48,animals,sheep,noun
item_49,0.8365302188509692,0.16943634057304077,item_49,animals,squirrel,noun
item_50,0.8154993155838568,0.08952244492002481,item_50,animals,teddybear,noun
item_51,0.853385735385596,0.15493200568898335,item_51,animals,tiger,noun
item_52,0.8267932394801399,0.15761911799524517,item_52,animals,turkey,noun
item_53,0.8632776532023926,0.1811763392824017,item_53,animals,turtle,noun
item_54,0.8007491744972305,0.14171149495030186,item_54,animals,wolf,noun
item_55,0.8540519994022653,0.1793427909287136,item_55,animals,zebra,noun
item_56,0.8746093706781825,0.1653359262837493,item_56,vehicles,airplane,noun
item_57,0.8634663164564891,0.13374121274144682,item_57,vehicles,bicycle,noun
item_58,0.8556308653092066,0.21579854518880934,item_58,vehicles,boat,noun
item_59,0.8201818403886219,0.14126416972933067,item_59,vehicles,bus,noun
item_60,0.8479928182822024,0.17391784794648701,item_60,vehicles,car,noun
item_61,0.8577161087400497,0.09727766984249843,item_61,vehicles,firetruck,noun
item_62,0.8498878516039309,0.15254892273186763,item_62,vehicles,helicopter,noun
item_63,0.8472453182198656,0.11269894994193169,item_63,vehicles,motorcycle,noun
item_64,0.7503110852359447,0.11312245387525285,item_64,vehicles,sled,noun
item_65,0.8475305652717406,0.08438073394794722,item_65,vehicles,stroller,noun
item_66,0.7568326858083505,0.1915438831210908,item_66,vehicles,tractor,noun
item_67,0.8782478906154785,0.12626319134945047,item_67,vehicles,train,noun
item_68,0.7880794769958951,0.12845383582810818,item_68,vehicles,tricycle,noun
item_69,0.8345715822223748,0.18849452894946275,item_69,vehicles,truck,noun
item_70,0.8246622097974152,0.29884443161108354,item_70,toys,ball,noun
item_71,0.8279841810244621,0.19398937540480318,item_71,toys,balloon,noun
item_72,0.7563484344769023,0.11811524048958928,item_72,toys,bat,noun
item_73,0.8346434699131233,0.160716488461269,item_73,toys,block,noun
item_74,0.8435013621857959,0.23000056866111826,item_74,toys,book,noun
item_75,0.8157147834277068,0.2029286687009762,item_75,toys,bubbles,noun
item_76,0.8257348991670228,0.09956172046025605,item_76,toys,chalk,noun
item_77,0.8872102127142054,0.07423086642498317,item_77,toys,crayon,noun
item_78,0.7595604249684182,0.05660038445185369,item_78,toys,doll,noun
item_79,0.8775728410589408,-0.0015226664011113752,item_79,toys,game,noun
item_80,0.8508382299583674,0.06049066681108495,item_80,toys,glue,noun
item_81,0.8211858865463547,0.06906934989452138,item_81,toys,pen,noun
item_82,0.8637977072113519,0.06764282909778989,item_82,toys,pencil,noun
item_83,0.8159939786012308,0.05672071379854012,item_83,toys,play dough,noun
item_84,0.922088787848014,0.07562148755141422,item_84,toys,present,noun
item_85,0.8865995764424758,0.1102924546502192,item_85,toys,puzzle,noun
item_86,0.8833793583637868,0.026397558394804562,item_86,toys,story,noun
item_87,0.8838239471205396,-0.004341605603642562,item_87,toys,toy (object),noun
item_88,0.8685919235460124,0.1485099060494708,item_88,food_drink,apple,noun
item_89,0.8042997019139654,0.12076769650035878,item_89,food_drink,applesauce,noun
item_90,0.7911801604302098,0.169473940710788,item_90,food_drink,banana,noun
item_91,0.8154965551531989,0.16143811275697043,item_91,food_drink,beans,noun
item_92,0.8909349264649202,0.11886800158105369,item_92,food_drink,bread,noun
item_93,0.8623253438480695,0.12866430404633758,item_93,food_drink,butter,noun
item_94,0.8806210673471937,0.05025840784707607,item_94,food_drink,cake,noun
item_95,0.7884337698643227,-0.004445283095983261,item_95,food_drink,candy,noun
item_96,0.9089570514659272,0.11569924833505538,item_96,food_drink,carrots,noun
item_97,0.8393565927802988,0.06213836595181757,item_97,food_drink,cereal,noun
item_98,0.7240845298217609,0.1294212747928546,item_98,food_drink,cheerios,noun
item_99,0.8240605679102411,0.1990129392775208,item_99,food_drink,cheese,noun
item_100,0.8808535991431813,0.09220272659534583,item_100,food_drink,chicken (food),noun
item_101,0.8471450123616158,0.02598410988339684,item_101,food_drink,chocolate,noun
item_102,0.8372006566980377,0.09693324676393242,item_102,food_drink,coffee,noun
item_103,0.600296538966075,0.09544915926487982,item_103,food_drink,coke,noun
item_104,0.8386956960764763,0.10707004917244498,item_104,food_drink,cookie,noun
item_105,0.8925352380673239,0.11645877114642267,item_105,food_drink,corn,noun
item_106,0.8226320240158372,0.19764862439654834,item_106,food_drink,cracker,noun
item_107,0.7893298107117561,0.06420078313142907,item_107,food_drink,donut,noun
item_108,0.8133660429904044,0.03552723634474036,item_108,food_drink,drink (beverage),noun
item_109,0.866929077191948,0.12526853036048446,item_109,food_drink,egg,noun
item_110,0.7537115563757802,0.13443043543727462,item_110,food_drink,fish (food),noun
item_111,0.8599135841306962,-0.007224285120886147,item_111,food_drink,food,noun
item_112,0.8395390760775306,0.061116500238785273,item_112,food_drink,french fries,noun
item_113,0.886131869171246,0.13742428975851081,item_113,food_drink,grapes,noun
item_114,0.8190440678190193,0.14849151819747775,item_114,food_drink,green beans,noun
item_115,0.6987130147417381,0.05178580128212564,item_115,food_drink,gum,noun
item_116,0.8603588339903046,0.09079452504331467,item_116,food_drink,hamburger,noun
item_117,0.8131343186737192,0.09538610210351454,item_117,food_drink,ice,noun
item_118,0.8954384716819748,0.05839890569369016,item_118,food_drink,ice cream,noun
item_119,0.7561969834869099,0.11351029406686716,item_119,food_drink,jello,noun
item_120,0.8437057110768653,0.11065560602058878,item_120,food_drink,jelly,noun
item_121,0.751445909066636,0.10748452874106984,item_121,food_drink,juice,noun
item_122,0.7430063585137164,0.03491745572881436,item_122,food_drink,lollipop,noun
item_123,0.817746456048166,0.10107185300290611,item_123,food_drink,meat,noun
item_124,0.8053992832793856,0.11670874034975384,item_124,food_drink,melon,noun
item_125,0.8288138088492135,0.1328885087945711,item_125,food_drink,milk,noun
item_126,0.8558284925696948,0.11528307211100851,item_126,food_drink,muffin,noun
item_127,0.8482566295019436,0.11597642515232831,item_127,food_drink,noodles,noun
item_128,0.8529302791323887,0.10934145955485347,item_128,food_drink,nuts,noun
item_129,0.8902892312683806,0.10040578855458357,item_129,food_drink,orange (food),noun
item_130,0.8684744231801792,0.08051889179792518,item_130,food_drink,pancake,noun
item_131,0.8099279469042278,0.1759954279461724,item_131,food_drink,peas,noun
item_132,0.8707030584039417,0.09506253182631087,item_132,food_drink,peanut butter,noun
item_133,0.8128138716544432,0.12016168726712602,item_133,food_drink,pickle,noun
item_134,0.8663295899586981,0.04060335793239553,item_134,food_drink,pizza,noun
item_135,0.8086568417071317,0.0660210973329507,item_135,food_drink,popcorn,noun
item_136,0.7942936637974075,0.05986990038168225,item_136,food_drink,popsicle,noun
item_137,0.8242638243678927,0.07537386045455828,item_137,food_drink,potato chip,noun
item_138,0.8626449200311285,0.08996130632212819,item_138,food_drink,potato,noun
item_139,0.8038439444811307,0.13116551491030273,item_139,food_drink,pretzel,noun
item_140,0.8089584659230113,0.10988708233649794,item_140,food_drink,pudding,noun
item_141,0.8659316764952566,0.10302762638247197,item_141,food_drink,pumpkin,noun
item_142,0.8312059946812982,0.1544051885975961,item_142,food_drink,raisin,noun
item_143,0.8423210759378978,0.07535945767755847,item_143,food_drink,salt,noun
item_144,0.9072609496709962,0.03831898845217132,item_144,food_drink,sandwich,noun
item_145,0.8401243368817919,0.06958746152510106,item_145,food_drink,sauce,noun
item_146,0.6399635140131922,0.08576686985860021,item_146,food_drink,soda/pop,noun
item_147,0.8509898039111663,0.05361190419445116,item_147,food_drink,soup,noun
item_148,0.8519694643678187,0.05261495263455094,item_148,food_drink,spaghetti,noun
item_149,0.8781363005374008,0.10047142958679879,item_149,food_drink,strawberry,noun
item_150,0.8228857887429795,0.15789215322755645,item_150,food_drink,toast,noun
item_151,0.7971363862797577,0.11331669967405789,item_151,food_drink,tuna,noun
item_152,0.8715032055678629,0.06537495537777799,item_152,food_drink,vanilla,noun
item_153,0.7645490769553317,0.08225647739263603,item_153,food_drink,vitamins,noun
item_154,0.8420232787680987,0.12725338417765775,item_154,food_drink,water (beverage),noun
item_155,0.7971332413135547,0.10916233699849506,item_155,food_drink,yogurt,noun
item_156,0.750289454827001,0.1503553712067972,item_156,clothing,beads,noun
item_157,0.8193967762711789,0.10289332562859013,item_157,clothing,belt,noun
item_158,0.7729881286606424,0.14936425405099452,item_158,clothing,bib,noun
item_159,0.7969269893142961,0.10917803120961123,item_159,clothing,boots,noun
item_160,0.86428813613573785,0.14119686706282994,item_160,clothing,button,noun
item_161,0.8202178739108694,0.11320613576496169,item_161,clothing,coat,noun
item_162,0.87661264162561,0.07741687178338769,item_162,clothing,diaper,noun
item_163,0.8527945780785257,0.023605837901605635,item_163,clothing,dress (object),noun
item_164,0.8555253962619178,0.04474312685543426,item_164,clothing,gloves,noun
item_165,0.858617152806586,0.17129145565751186,item_165,clothing,hat,noun
item_166,0.8547458065243814,0.047527985123721514,item_166,clothing,jacket,noun
item_167,0.8382223639746978,0.07784062589188796,item_167,clothing,jeans,noun
item_168,0.8008656683671127,0.11584916620770447,item_168,clothing,mittens,noun
item_169,0.8707002354477,0.07972213239784683,item_169,clothing,necklace,noun
item_170,0.9045750209466549,0.031679335540134634,item_170,clothing,pajamas,noun
item_171,0.9162467493240498,0.03717693637174256,item_171,clothing,pants,noun
item_172,0.840240268684331,0.05190948933897872,item_172,clothing,scarf,noun
item_173,0.9181018772717205,0.06474347465807233,item_173,clothing,shirt,noun
item_174,0.8585290629829301,0.15958574491916763,item_174,clothing,shoe,noun
item_175,0.875628752207448,0.06000496477071907,item_175,clothing,shorts,noun
item_176,0.82934790536689,0.0734268208885129,item_176,clothing,slipper,noun
item_177,0.7942758436034053,0.05493339215868371,item_177,clothing,sneaker,noun
item_178,0.8005735857714515,0.02734404599813606,item_178,clothing,snowsuit,noun
item_179,0.7763757195541955,0.08638347503706745,item_179,clothing,sock,noun
item_180,0.7800970412022644,0.08157918675217811,item_180,clothing,sweater,noun
item_181,0.7968967376659284,0.04204558320354067,item_181,clothing,tights,noun
item_182,0.8442905944317175,0.016881307001102786,item_182,clothing,underpants,noun
item_183,0.8859892952510844,0.0985138308903811,item_183,clothing,zipper,noun
item_184,0.8478237284112143,0.09256297195390684,item_184,body_parts,ankle,noun
item_185,0.9264719603917476,0.04096758105416977,item_185,body_parts,arm,noun
item_186,0.8405507878626713,0.12790735644829,item_186,body_parts,belly button,noun
item_187,0.8642708471102205,0.06751614805845196,item_187,body_parts,buttocks/bottom*,noun
item_188,0.8731561525720604,0.08479948869417897,item_188,body_parts,cheek,noun
item_189,0.8810503166075719,0.09378410384111495,item_189,body_parts,chin,noun
item_190,0.8877268687384042,0.14854655921957094,item_190,body_parts,ear,noun
item_191,0.8823949993319975,0.13444542587248473,item_191,body_parts,eye,noun
item_192,0.9064324880738317,-0.017117323220501943,item_192,body_parts,face,noun
item_193,0.923233643974378,0.040217231790840045,item_193,body_parts,finger,noun
item_194,0.9083415772363919,0.03449285116728589,item_194,body_parts,foot,noun
item_195,0.9170432553826686,0.08595268627942983,item_195,body_parts,hair,noun
item_196,0.930902505942742,0.03251148485352835,item_196,body_parts,hand,noun
item_197,0.9055730836577757,0.028761736395036073,item_197,body_parts,head,noun
item_198,0.8702076141002664,0.09927622579531671,item_198,body_parts,knee,noun
item_199,0.9403129231137191,0.028302329079050337,item_199,body_parts,leg,noun
item_200,0.878665793869605,2.10553061087342e-4,item_200,body_parts,lips,noun
item_201,0.8934541141560348,0.07104147707562634,item_201,body_parts,mouth,noun
item_202,0.8704643096192869,0.14989538795983753,item_202,body_parts,nose,noun
item_203,0.7383464115311014,0.07143644386688065,item_203,body_parts,owie/boo boo,noun
item_204,0.6073364796908132,0.09899412776158359,item_204,body_parts,penis*,noun
item_205,0.8788017945435472,0.0366198045490798,item_205,body_parts,shoulder,noun
item_206,0.860068671515045,0.08932111160946686,item_206,body_parts,toe,noun
item_207,0.873473253534714,0.04920075321511965,item_207,body_parts,tongue,noun
item_208,0.865079066446128,0.07512669265820694,item_208,body_parts,tooth,noun
item_209,0.8951255544967737,0.028684407725447638,item_209,body_parts,tummy,noun
item_210,0.652111539971451,-0.0036084381215807314,item_210,body_parts,vagina*,noun
item_211,0.8965122689113332,0.05959347859944447,item_211,household,basket,noun
item_212,0.8927535678290924,0.037473427930565434,item_212,household,blanket,noun
item_213,0.7491379076828514,0.0874610418984617,item_213,household,bottle,noun
item_214,0.8802252365550393,0.06127934313111379,item_214,household,bowl,noun
item_215,0.8850407625314991,0.07303568292027267,item_215,household,box,noun
item_216,0.8512089166670351,0.06314901984508986,item_216,household,broom,noun
item_217,0.8778595687517438,0.055177583147328624,item_217,household,brush,noun
item_218,0.8920614216230124,0.05609048921891927,item_218,household,bucket,noun
item_219,0.8880060085685215,0.01862942842398704,item_219,household,camera,noun
item_220,0.866268175880068,0.03181299709795429,item_220,household,can (object),noun
item_221,0.8120109108530682,0.13283461485891565,item_221,household,clock,noun
item_222,0.8474968018352076,0.08210524727944567,item_222,household,comb,noun
item_223,0.8901703095554784,0.047449835623117616,item_223,household,cup,noun
item_224,0.8648875768404255,0.052534096286909276,item_224,household,dish,noun
item_225,0.919825992506067,0.07643228887432212,item_225,household,fork,noun
item_226,0.8334746763876646,0.019869245770100127,item_226,household,garbage,noun
item_227,0.8707561535515836,0.027007830963742516,item_227,household,glass,noun
item_228,0.88256123666839,0.06723175876505126,item_228,household,glasses,noun
item_229,0.8670974278687835,0.10043616152105501,item_229,household,hammer,noun
item_230,0.7084236060895058,0.04250811580551464,item_230,household,jar,noun
item_231,0.7676307262303453,0.0683469234069956,item_231,household,keys,noun
item_232,0.918892803750214,0.0542645684063683,item_232,household,knife,noun
item_233,0.8606596263403663,0.049878226944863324,item_233,household,lamp,noun
item_234,0.862711186315791,0.09585044012850936,item_234,household,light,noun
item_235,0.8942787884654354,0.01683952941934383,item_235,household,medicine,noun
item_236,0.8312968344812142,0.01118063854933035,item_236,household,money,noun
item_237,0.8142851527067908,0.006648912530633117,item_237,household,mop,noun
item_238,0.8747977633038986,0.04896792416749132,item_238,household,nail,noun
item_239,0.8842300203557049,0.042402904276860394,item_239,household,napkin,noun
item_240,0.9266341358542466,0.011107621429842143,item_240,household,paper,noun
item_241,0.7821055516412398,0.05005128600412236,item_241,household,penny,noun
item_242,0.9328718947277891,-0.003995832153008616,item_242,household,picture,noun
item_243,0.9272513628534805,0.011379500900680522,item_243,household,pillow,noun
item_244,0.8869980902348191,0.05490308267002812,item_244,household,plant,noun
item_245,0.9263667088267615,0.01840515004434528,item_245,household,plate,noun
item_246,0.841905998951681,0.046190241356569586,item_246,household,purse,noun
item_247,0.8270090550938333,0.02761674870967392,item_247,household,radio,noun
item_248,0.9101079450513596,0.0166971070721243,item_248,household,scissors,noun
item_249,0.9142016810651924,0.03609418423926786,item_249,household,soap,noun
item_250,0.8833809516901034,0.10470605983386835,item_250,household,spoon,noun
item_251,0.9032050969321713,0.04078058326987103,item_251,household,tape,noun
item_252,0.8991221572148516,0.040450090785234157,item_252,household,telephone,noun
item_253,0.8811045157054845,0.00864861969921346,item_253,household,tissue/kleenex,noun
item_254,0.9084439250059902,0.060302548068627136,item_254,household,toothbrush,noun
item_255,0.9296803786886434,0.029248056631253926,item_255,household,towel,noun
item_256,0.758627503947634,0.005709439320427084,item_256,household,trash,noun
item_257,0.8631824382434077,0.011564238842324413,item_257,household,tray,noun
item_258,0.868594289109825,0.058041382751496805,item_258,household,vacuum,noun
item_259,0.7801705252275806,0.027151625146262424,item_259,household,walker,noun
item_260,0.8476514860323447,0.08116643263103426,item_260,household,watch (object),noun
item_261,0.6957929822052612,0.039542396166374096,item_261,furniture_rooms,basement,noun
item_262,0.9314890178731557,-0.04258917499934567,item_262,furniture_rooms,bathroom,noun
item_263,0.8595831995264678,0.04638061041077678,item_263,furniture_rooms,bathtub,noun
item_264,0.9147779402416875,-0.008090244382161884,item_264,furniture_rooms,bed,noun
item_265,0.9119429778854364,-0.02978157055678351,item_265,furniture_rooms,bedroom,noun
item_266,0.8864681846162363,0.0057081497508273205,item_266,furniture_rooms,bench,noun
item_267,0.9212922297367391,0.035552782809750806,item_267,furniture_rooms,chair,noun
item_268,0.9309650369369993,-0.017995876583248634,item_268,furniture_rooms,closet,noun
item_269,0.9078220076090783,-0.00542453757729162,item_269,furniture_rooms,couch,noun
item_270,0.868549261610252,0.014146141292943865,item_270,furniture_rooms,crib,noun
item_271,0.8902765528639509,0.03694433272234778,item_271,furniture_rooms,door,noun
item_272,0.9042599211126168,-0.015565891889529886,item_272,furniture_rooms,drawer,noun
item_273,0.9028344351892684,0.013402169581564087,item_273,furniture_rooms,dryer,noun
item_274,0.8653499717259299,0.04288276863750857,item_274,furniture_rooms,garage,noun
item_275,0.8426362392978972,0.03850652434032683,item_275,furniture_rooms,high chair,noun
item_276,0.9377562450475604,-0.025847042985215656,item_276,furniture_rooms,kitchen,noun
item_277,0.8961360965576205,-0.02855306725632497,item_277,furniture_rooms,living room,noun
item_278,0.9093517391760694,0.0038345415216096803,item_278,furniture_rooms,oven,noun
item_279,0.78218511762421306,-0.012724102822098033,item_279,furniture_rooms,play pen,noun
item_280,0.8440035794955274,0.02586383920325826,item_280,furniture_rooms,porch,noun
item_281,0.8649315613020978,0.01813553457911278,item_281,furniture_rooms,potty,noun
item_282,0.8513657772209507,0.05112969242996618,item_282,furniture_rooms,rocking chair,noun
item_283,0.9035724481389142,-0.002389605152147853,item_283,furniture_rooms,refrigerator,noun
item_284,0.9117737666025215,-0.04582661147029063,item_284,furniture_rooms,room,noun
item_285,0.9079377867558467,0.01717497726690645,item_285,furniture_rooms,shower,noun
item_286,0.925876601194715,-0.019990455594780895,item_286,furniture_rooms,sink,noun
item_287,0.7454171458280416,-0.05099506587365606,item_287,furniture_rooms,sofa,noun
item_288,0.8975420342271373,0.02281888426820084,item_288,furniture_rooms,stairs,noun
item_289,0.8669743823682082,0.024051687230859594,item_289,furniture_rooms,stove,noun
item_290,0.9396175151369299,-0.017184067779969125,item_290,furniture_rooms,table,noun
item_291,0.858119686667632,-0.03624598817747844,item_291,furniture_rooms,TV,noun
item_292,0.9050613277667071,0.010276778268897814,item_292,furniture_rooms,window,noun
item_293,0.869585362644002,-0.0023141608697975877,item_293,furniture_rooms,washing machine,noun
item_294,0.839156857960078,0.005277627008732205,item_294,outside,backyard,noun
item_295,0.8805010666287397,0.027954793518525946,item_295,outside,cloud,noun
item_296,0.8445428464405926,0.07564587166198576,item_296,outside,flag,noun
item_297,0.9030458603278051,0.08905612566695778,item_297,outside,flower,noun
item_298,0.8848428718290123,0.005411058589618766,item_298,outside,garden,noun
item_299,0.9138186120926791,0.01207268681259841,item_299,outside,grass,noun
item_300,0.8621395248640141,0.043928328679260865,item_300,outside,hose,noun
item_301,0.8970034398340341,0.052501756955249834,item_301,outside,ladder,noun
item_302,0.809193220764154,0.09633268382709355,item_302,outside,lawn mower,noun
item_303,0.8108116137569474,0.14242955389056772,item_303,outside,moon,noun
item_304,0.8199180356785892,0.027193736859253043,item_304,outside,pool,noun
item_305,0.9247808343898289,0.0186658280652176,item_305,outside,rain,noun
item_306,0.8783102938996993,0.08253501061854081,item_306,outside,rock,noun
item_307,0.900566708437144,0.0021824373826395444,item_307,outside,roof,noun
item_308,0.8536893814216228,0.06395980357443617,item_308,outside,sandbox,noun
item_309,0.8930761458945714,0.0605780825853205,item_309,outside,shovel,noun
item_310,0.9176425893630278,-2.5546399416684996e-4,item_310,outside,sidewalk,noun
item_311,0.8593764068498607,0.003950021702226799,item_311,outside,sky,noun
item_312,0.8833790008462296,0.052243232464327855,item_312,outside,slide (object),noun
item_313,0.7958564300096872,0.044658658487472656,item_313,outside,snow,noun
item_314,0.8455141952035894,0.03539688675059697,item_314,outside,snowman,noun
item_315,0.8660780749987625,0.05923491863151084,item_315,outside,sprinkler,noun
item_316,0.8365902343908501,0.06287719706476762,item_316,outside,star,noun
item_317,0.8896283277288691,0.03340000070898125,item_317,outside,stick,noun
item_318,0.8126358342829588,-0.010798781684003205,item_318,outside,stone,noun
item_319,0.9248870488642428,-0.007928371091282126,item_319,outside,street,noun
item_320,0.8977121386089764,0.0417470145866549,item_320,outside,sun,noun
item_321,0.86825082590525,0.07242572106967012,item_321,outside,swing (object),noun
item_322,0.8825366601833501,0.11438887537093509,item_322,outside,tree,noun
item_323,0.8556998802161999,0.07889098884702855,item_323,outside,water (not beverage),noun
item_324,0.8963940345690352,0.0019034790465227082,item_324,outside,wind,noun
item_401,0.8592101627799829,-0.114119878635044,item_401,action_words,bite,predicate
item_402,0.8841063484997008,-0.09548699150370558,item_402,action_words,blow,predicate
item_403,0.9072079048600995,-0.11592203202690592,item_403,action_words,break,predicate
item_404,0.8922143501818739,-0.19030447624501987,item_404,action_words,bring,predicate
item_405,0.9090365717034677,-0.11570193725218403,item_405,action_words,build,predicate
item_406,0.8440551931738993,-0.07352273067926295,item_406,action_words,bump,predicate
item_407,0.8747421798006154,-0.15085858809155592,item_407,action_words,buy,predicate
item_408,0.9165827595522014,-0.12222684237391415,item_408,action_words,carry,predicate
item_409,0.8884089604466744,-0.1828353685450521,item_409,action_words,catch,predicate
item_410,0.8756781531213372,-0.13123852831090177,item_410,action_words,chase,predicate
item_411,0.8637038298639135,-0.1421278804101991,item_411,action_words,clap,predicate
item_412,0.908765163735155,-0.13607599489280595,item_412,action_words,clean (action),predicate
item_413,0.9284780074941315,-0.1279407705083089,item_413,action_words,climb,predicate
item_414,0.8909008301896121,-0.1390827808972675,item_414,action_words,close,predicate
item_415,0.9009194026532397,-0.08804527925270814,item_415,action_words,cook,predicate
item_416,0.9132744392994537,-0.15435017027908293,item_416,action_words,cover,predicate
item_417,0.9152683702695132,-0.16123331721161308,item_417,action_words,cry,predicate
item_418,0.9016752655413968,-0.12225767548285219,item_418,action_words,cut,predicate
item_419,0.8909412645160817,-0.13327174725841218,item_419,action_words,dance,predicate
item_420,0.8943397822196159,-0.11646975584616297,item_420,action_words,draw,predicate
item_421,0.8765735201325212,-0.10850653016502831,item_421,action_words,drink (action),predicate
item_422,0.9280034130863595,-0.09524354644023936,item_422,action_words,drive,predicate
item_423,0.9260590475287619,-0.15477732035309918,item_423,action_words,drop,predicate
item_424,0.9138915629372871,-0.09648967318345104,item_424,action_words,dry (action),predicate
item_425,0.8424963500075817,-0.10515088553205043,item_425,action_words,dump,predicate
item_426,0.8853391907560627,-0.1167544837600193,item_426,action_words,eat,predicate
item_427,0.9277277168674313,-0.1263026205101567,item_427,action_words,fall,predicate
item_428,0.9131313332030331,-0.14516966980690615,item_428,action_words,feed,predicate
item_429,0.9418230888845872,-0.16007220689440524,item_429,action_words,find,predicate
item_430,0.8285407233487136,-0.20381783042354182,item_430,action_words,finish,predicate
item_431,0.9048107520469635,-0.16804380144296704,item_431,action_words,fit,predicate
item_432,0.9219475957687987,-0.11070828234381604,item_432,action_words,fix,predicate
item_433,0.8902202529674442,-0.1737752085597087,item_433,action_words,get,predicate
item_434,0.8966569805341158,-0.21002390489893574,item_434,action_words,give,predicate
item_435,0.7819145383958803,-0.14349010063837173,item_435,action_words,go,predicate
item_436,0.777897531578366,-0.2084612308444088,item_436,action_words,hate,predicate
item_437,0.9240536458111676,-0.14621483758977522,item_437,action_words,have,predicate
item_438,0.920421385183684,-0.17363987302577344,item_438,action_words,hear,predicate
item_439,0.8748162153296729,-0.11177563658099489,item_439,action_words,help,predicate
item_440,0.9121423882585203,-0.15136910968600065,item_440,action_words,hide,predicate
item_441,0.9107677432717629,-0.1573563199652177,item_441,action_words,hit,predicate
item_442,0.9211278703932206,-0.1556792846342011,item_442,action_words,hold,predicate
item_443,0.8942654893615894,-0.12172288576608621,item_443,action_words,hug,predicate
item_444,0.8741710669700025,-0.18641868269228892,item_444,action_words,hurry,predicate
item_445,0.9050602127699603,-0.13545027556203312,item_445,action_words,jump,predicate
item_446,0.8917447119781974,-0.1534196735160653,item_446,action_words,kick,predicate
item_447,0.886304252772359,-0.15593999081421753,item_447,action_words,kiss,predicate
item_448,0.8663603037452314,-0.11747482789496366,item_448,action_words,knock,predicate
item_449,0.8999960942632459,-0.15694656710207314,item_449,action_words,lick,predicate
item_450,0.9191784813004005,-0.17182367898303189,item_450,action_words,like,predicate
item_451,0.8869187052928911,-0.23012991780005618,item_451,action_words,listen,predicate
item_452,0.8640962365338528,-0.20432275518716658,item_452,action_words,look,predicate
item_453,0.8503867093960078,-0.14380018138309017,item_453,action_words,love,predicate
item_454,0.9336567563902363,-0.16375010653415412,item_454,action_words,make,predicate
item_455,0.8903588533289638,-0.12382444742659018,item_455,action_words,open,predicate
item_456,0.8950987009924848,-0.09631847418367466,item_456,action_words,paint,predicate
item_457,0.9060497856269518,-0.20148486932909646,item_457,action_words,pick,predicate
item_458,0.9165117501721151,-0.15713925559253678,item_458,action_words,play,predicate
item_459,0.9127355028909,-0.13468778321307154,item_459,action_words,pour,predicate
item_460,0.8857197610856211,-0.1654292863873394,item_460,action_words,pretend,predicate
item_461,0.8907344218543725,-0.16910414551726033,item_461,action_words,pull,predicate
item_462,0.8762633687279897,-0.17503750985275987,item_462,action_words,push,predicate
item_463,0.9030456708333249,-0.20616615835318555,item_463,action_words,put,predicate
item_464,0.9102999094971546,-0.07214818668012658,item_464,action_words,read,predicate
item_465,0.9229427238681491,-0.11508860225918631,item_465,action_words,ride,predicate
item_466,0.8682349331107339,-0.18291259972745702,item_466,action_words,rip,predicate
item_467,0.9307411317065851,-0.14303762358315952,item_467,action_words,run,predicate
item_468,0.8839745497243447,-0.23731313550731978,item_468,action_words,say,predicate
item_469,0.8570914464631226,-0.18138507993866307,item_469,action_words,see,predicate
item_470,0.8846956294515103,-0.16885249412754194,item_470,action_words,shake,predicate
item_471,0.9083012954118309,-0.17397391229399584,item_471,action_words,share,predicate
item_472,0.917538375622731,-0.19797046464573947,item_472,action_words,show,predicate
item_473,0.9262815107741617,-0.14439019581068538,item_473,action_words,sing,predicate
item_474,0.8635416647316132,-0.14919237410175626,item_474,action_words,sit,predicate
item_475,0.8576492614788073,-0.07233902619087457,item_475,action_words,skate,predicate
item_476,0.9263604938431279,-0.15650074361980398,item_476,action_words,sleep,predicate
item_477,0.8842706714259889,-0.07557517778002856,item_477,action_words,slide (action),predicate
item_478,0.8964631813308639,-0.20982959251986671,item_478,action_words,smile,predicate
item_479,0.929380542742327,-0.15676219897477134,item_479,action_words,spill,predicate
item_480,0.898548919607251,-0.11409936442460003,item_480,action_words,splash,predicate
item_481,0.9269190662212485,-0.19522320254860234,item_481,action_words,stand,predicate
item_482,0.8912592951674081,-0.21058308201460005,item_482,action_words,stay,predicate
item_483,0.8465021499134338,-0.22254760241103472,item_483,action_words,stop,predicate
item_484,0.8932463668315185,-0.09530036077173419,item_484,action_words,sweep,predicate
item_485,0.9034776682092439,-0.07176999132469357,item_485,action_words,swim,predicate
item_486,0.8702692090896323,-0.059421446610666194,item_486,action_words,swing (action),predicate
item_487,0.9096138030180845,-0.20968784569757368,item_487,action_words,take,predicate
item_488,0.9193313031912544,-0.20616826266449506,item_488,action_words,talk,predicate
item_489,0.9030679767411707,-0.1864542010642808,item_489,action_words,taste,predicate
item_490,0.8961996242178754,-0.16623120629413093,item_490,action_words,tear,predicate
item_491,0.8813421390002371,-0.22515220814632989,item_491,action_words,think,predicate
item_492,0.9281379218187871,-0.1379030812708491,item_492,action_words,throw,predicate
item_493,0.851465719001769,-0.09899301993214757,item_493,action_words,tickle,predicate
item_494,0.9077054361144677,-0.1864694138148429,item_494,action_words,touch,predicate
item_495,0.8466800601942613,-0.24425272075402976,item_495,action_words,wait,predicate
item_496,0.9132792702719774,-0.17248555097943769,item_496,action_words,wake,predicate
item_497,0.8982418671271785,-0.10809635807757459,item_497,action_words,walk,predicate
item_498,0.9188060352319508,-0.12471838963103288,item_498,action_words,wash,predicate
item_499,0.8958737743911926,-0.15937859279174327,item_499,action_words,watch (action),predicate
item_500,0.8934280361195772,-0.14084716815253673,item_500,action_words,wipe,predicate
item_501,0.853980313253333,-0.24762157284296116,item_501,action_words,wish,predicate
item_502,0.8833157501329548,-0.0779417762510518,item_502,action_words,work (action),predicate
item_503,0.8704804776580234,-0.1344235266714,item_503,action_words,write,predicate
item_504,0.7577675600991423,0.025305569712461246,item_504,descriptive_words,all gone,predicate
item_505,0.8783734550618587,-0.10347246316781478,item_505,descriptive_words,asleep,predicate
item_506,0.9070355013399983,-0.13828578376694686,item_506,descriptive_words,awake,predicate
item_507,0.7808881624287339,-0.1778611711316294,item_507,descriptive_words,bad,predicate
item_508,0.8768362556564836,-0.12771242094671303,item_508,descriptive_words,better,predicate
item_509,0.9068633998869211,-0.07079849958864631,item_509,descriptive_words,big,predicate
item_510,0.8450959684390282,-0.010784269759692712,item_510,descriptive_words,black,predicate
item_511,0.815814341795116,0.038033068060645533,item_511,descriptive_words,blue,predicate
item_512,0.9093583927173547,-0.08738903252857678,item_512,descriptive_words,broken,predicate
item_513,0.837593392507839,-4.7311071706142776e-4,item_513,descriptive_words,brown,predicate
item_514,0.8928352543907656,-0.11425106906286585,item_514,descriptive_words,careful,predicate
item_515,0.9091252246426564,-0.10647914501732163,item_515,descriptive_words,clean (description),predicate
item_516,0.8919428297905581,-0.03712483895690346,item_516,descriptive_words,cold,predicate
item_517,0.8185133210021528,-0.13129763455013038,item_517,descriptive_words,cute,predicate
item_518,0.8888612224737064,-0.09051310305056007,item_518,descriptive_words,dark,predicate
item_519,0.8983086901843116,-0.0584578980558792,item_519,descriptive_words,dirty,predicate
item_520,0.906229131992211,-0.08837368269332618,item_520,descriptive_words,dry (description),predicate
item_521,0.8598413815692144,-0.09865691386571408,item_521,descriptive_words,empty,predicate
item_522,0.9134575279074653,-0.1134205268784348,item_522,descriptive_words,fast,predicate
item_523,0.8382394792653148,-0.18415148835254103,item_523,descriptive_words,fine,predicate
item_524,0.8878837343686049,-0.17818234420523615,item_524,descriptive_words,first,predicate
item_525,0.8959992800885687,-0.14907834574054862,item_525,descriptive_words,full,predicate
item_526,0.7950469437569344,-0.07854829709650019,item_526,descriptive_words,gentle,predicate
item_527,0.8390088737277068,-0.15292358657904465,item_527,descriptive_words,good,predicate
item_528,0.8437628141157116,0.03227431360012772,item_528,descriptive_words,green,predicate
item_529,0.8480769394991443,-0.10077695365035591,item_529,descriptive_words,happy,predicate
item_530,0.9240817757692628,-0.12850629959546658,item_530,descriptive_words,hard,predicate
item_531,0.9249679950704974,-0.08778249863459821,item_531,descriptive_words,heavy,predicate
item_532,0.8986040906456466,-0.10650785007196421,item_532,descriptive_words,high,predicate
item_533,0.7799914589608574,0.021064092247257547,item_533,descriptive_words,hot,predicate
item_534,0.8880898555606882,-0.1316974572037258,item_534,descriptive_words,hungry,predicate
item_535,0.8910924228405196,-0.1384067379949499,item_535,descriptive_words,hurt,predicate
item_536,0.8864782724907102,-0.2149114747851535,item_536,descriptive_words,last,predicate
item_537,0.9281908041932933,-0.10472702049958113,item_537,descriptive_words,little (description),predicate
item_538,0.9052916134061801,-0.20003480141701876,item_538,descriptive_words,long,predicate
item_539,0.9069158414201636,-0.12366535213727468,item_539,descriptive_words,loud,predicate
item_540,0.8555085035423093,-0.1709069774471498,item_540,descriptive_words,mad,predicate
item_541,0.7302512229409578,-0.12476191826755885,item_541,descriptive_words,naughty,predicate
item_542,0.897367656060564,-0.14503153173618152,item_542,descriptive_words,new,predicate
item_543,0.8183648748277057,-0.12956394633003052,item_543,descriptive_words,nice,predicate
item_544,0.8665691999532721,-0.11814047901707105,item_544,descriptive_words,noisy,predicate
item_545,0.8806853963684422,-0.13866219335743013,item_545,descriptive_words,old,predicate
item_546,0.8394910519702727,0.02162538605117616,item_546,descriptive_words,orange (description),predicate
item_547,0.8202569319514269,-0.18455495495583657,item_547,descriptive_words,poor,predicate
item_548,0.8072378651110026,-0.07966065606647839,item_548,descriptive_words,pretty,predicate
item_549,0.9059992460584027,-0.1436583039553162,item_549,descriptive_words,quiet,predicate
item_550,0.8414534482976206,0.030486771116848776,item_550,descriptive_words,red,predicate
item_551,0.896048304597644,-0.11129244906305438,item_551,descriptive_words,sad,predicate
item_552,0.8973961607293364,-0.12959914517771587,item_552,descriptive_words,scared,predicate
item_553,0.8983281352614562,-0.1376015043032453,item_553,descriptive_words,sick,predicate
item_554,0.8629399423577996,-0.11769273797446807,item_554,descriptive_words,sleepy,predicate
item_555,0.8925232821560136,-0.181416692074989,item_555,descriptive_words,slow,predicate
item_556,0.8896211229049056,-0.10043576163863402,item_556,descriptive_words,soft,predicate
item_557,0.8808873407893316,-0.09246713129702384,item_557,descriptive_words,sticky,predicate
item_558,0.8354551354427853,-0.06686644031650235,item_558,descriptive_words,stuck,predicate
item_559,0.8797970760582371,-0.11705638804965053,item_559,descriptive_words,thirsty,predicate
item_560,0.8596250510189155,-0.1413845129203219,item_560,descriptive_words,tiny,predicate
item_561,0.9151213882701584,-0.14682730742581365,item_561,descriptive_words,tired,predicate
item_562,0.9038935328496832,-0.07887546310098015,item_562,descriptive_words,wet,predicate
item_563,0.8463106783988371,-0.03327298174287611,item_563,descriptive_words,white,predicate
item_564,0.8830818746120441,-0.061387027394075644,item_564,descriptive_words,windy,predicate
item_565,0.8087012021505495,0.040815085014870474,item_565,descriptive_words,yellow,predicate
item_566,0.6466544119626979,0.2196079917261377,item_566,descriptive_words,yucky,predicate
