uni_lemma,pos2,multidim,multidim_cantonese,multidim_english,multidim_spanish
Persimmon,noun,1.4911950329052213,NA,NA,NA
air conditioner,noun,1.1264070584996762,0.9123558715137232,NA,NA
airplane,noun,1.7854714814235362,1.7468304065702278,1.5174471470503008,0.3209633527639511
animal,noun,1.497989874796835,2.2386196576049846,1.3567735232176974,1.0263289747811704
ant,noun,1.730433229660134,0.9797998668364052,1.069875192603664,1.0135416083029614
apple,noun,1.6719770130630862,1.731911055656383,1.5064678557488709,1.2296854088047808
apron,noun,0.7292046647618035,NA,NA,NA
arrive,predicate,1.7751212546879285,NA,NA,NA
attach,predicate,1.9393709640461751,NA,NA,NA
back,noun,1.5564566295560769,NA,NA,NA
bad,predicate,1.6020087158064509,1.16585423916563,0.512446457589515,1.088252157217472
bag,noun,0.963653309714532,0.744665172635985,NA,2.633645338704113
ball,noun,1.1896469055539507,0.8716320864944116,1.2420679133753,2.0004967198517996
balloon,noun,1.312491746584675,1.597021564761386,1.2325155562118033,1.358796456579456
banana,noun,1.3273031753156834,1.390873096513348,1.129372999191357,0.8481555748876409
basket,noun,0.9178560049540344,1.077284385709517,1.1961083329380693,2.2072185611525432
bat,noun,1.1160101613725075,NA,NA,NA
bath,noun,1.054885340931401,NA,NA,NA
battery,noun,0.6014523375263287,0.5757666370445862,NA,NA
be,predicate,1.3533686521020418,NA,NA,NA
beans,noun,1.0897396121810807,0.6620448640740112,1.059474967678964,1.6727932799549594
bear,noun,2.075479546692034,1.4440619209811214,1.689765787826581,0.6555309302152215
become,predicate,2.30564992991303,NA,NA,NA
bed,noun,0.8585526064096509,1.0705510503031366,0.9233399199975862,2.1232402398806065
bee,noun,1.860612984145936,2.19351288588302,1.526504073096267,0.6525134386286238
belly button,noun,0.9753880306231242,0.7598667625738236,1.070129040685838,1.1484661002927261
belt,noun,1.0830475586290635,0.4920631358220771,0.6027555553054743,NA
bicycle,noun,1.4021902717818733,1.6449832758586047,1.3169843666995011,1.019542518157737
bird,noun,2.3951323074208326,1.4796714591479758,1.6062136152669622,0.9890876983880303
black,predicate,1.845135589474884,2.37101761574739,2.579924473503996,0.39066194801169024
blanket,noun,0.40682376286799854,0.6014417148026511,0.9417812852210669,1.9698972955347327
blocks,noun,1.3153536628027316,1.336870473043942,1.3060551824758333,NA
blow,predicate,1.7478946447697803,0.8862489433938963,1.0561001899030542,1.6407140723204072
blue,predicate,1.6418443482806373,2.581261182203769,2.6018915821027084,-0.07718872828840553
book,noun,1.079026725441725,1.3986339486814507,1.4359424394667055,0.6923215535727703
boots,noun,1.0124076930462815,NA,1.0988223884468356,1.154937965032736
bottle,noun,1.0548387855542685,0.5703460926178783,0.44751760626442944,1.771062276809757
bowl,noun,0.7096710222026245,0.7063753086243726,1.07875485518289,NA
box,noun,1.3893571732037495,0.9252201885995518,1.1030935103225934,1.8480386883393112
branch,noun,1.056356188438372,NA,NA,NA
bread,noun,1.2211468327727175,0.5266484180533574,1.2930342382261055,1.2948181163254149
break,predicate,2.02286696623314,1.1828416831127868,1.1799314130292995,1.861135247433167
breast,noun,0.24810935088034825,NA,NA,1.11084504687675
bright,predicate,1.7035405136554918,0.8385231038709324,NA,NA
bring,predicate,1.9774574262399316,0.9971297424735632,1.1234815280895925,2.3544098721117814
broom,noun,0.5150156966216459,0.5249496996321359,0.7071602377862712,2.5374569776276235
bubbles,noun,1.4002515808070235,NA,1.390456440398519,0.5390955040755272
bucket,noun,1.4051576229371987,0.45549860645543955,1.2406462111377163,NA
bug,noun,1.1379702012362838,0.8375347692100908,1.0353755206367263,0.7406117463599323
bump,predicate,2.315881583518237,0.9166421025616024,0.8945220588989272,NA
bus,noun,1.4846404984716737,1.3310165699498664,1.4362728849287716,0.46394958892088223
butter,noun,1.3603334664252795,NA,1.0631241127075646,0.6777698938716817
butterfly,noun,1.4881570409455402,2.005069012560021,2.0392420831953166,0.6443151857307339
buttocks,noun,0.7885398114023779,NA,NA,NA
button,noun,1.4141262891276396,0.8023016824615968,1.233427652891414,1.5587337927364702
buy,predicate,1.989345799240768,0.5175071450866195,0.9599666943092688,2.310596362092081
cake,noun,0.8332422468890491,1.1700928995854,1.1267756935730031,2.070024542770594
call,predicate,1.9351194490226495,NA,NA,NA
camera,noun,0.9842165737918354,0.9140745968135204,0.9059678600201116,0.96728474815849
can,noun,1.0214792725227395,NA,NA,NA
candy,noun,0.4616837130578065,-0.01718533114672138,0.2862288306681166,2.0763540696363223
car,noun,1.129960050584295,0.9706701107999942,1.3178990404487163,0.978287278473832
carrot,noun,1.9537768646044364,1.5221827868924158,1.7671286456272874,1.3504124211121158
carry,predicate,2.130793261290331,0.7252342676225992,1.3005661999440834,1.8173470175702924
cat,noun,1.4071295792227834,0.9741779842444876,1.1619773082324123,0.7841506738309315
catch,predicate,2.1987488076659667,1.1326249291688604,1.153714509313363,NA
chair,noun,0.795384367124508,0.8897714213611307,1.2395842150220868,2.1499915652731154
cheek,noun,0.902258783792336,0.8312814432462869,1.190660068465318,1.7573338669163223
cheese,noun,0.9376815401823896,NA,1.244777722778684,1.2326376255497489
chick,noun,2.1795274863769993,NA,NA,1.242566014504523
chicken,noun,2.1504891449308903,NA,NA,NA
chin,noun,1.070365258288133,1.1964701816604923,1.2611476196539602,NA
chips,noun,0.7247680165909095,0.23131088631928567,0.6418829223817873,0.9640244835228304
chocolate,noun,0.7822353498255749,0.3518001366324069,0.948657321512434,1.221596193516446
chopstick,noun,0.8351806314094377,0.9176363873272264,NA,NA
clay,noun,1.0436220412261572,NA,NA,1.0882700174145543
clean (action),predicate,1.3906982437570816,0.9049463230852366,1.4000693785706455,NA
clean (description),predicate,1.3268054682173218,1.3460275005779998,1.57827209234516,1.3922575787742777
clever,predicate,0.5989409888280893,NA,NA,NA
climb,predicate,2.2711464276310873,0.4168090561094104,1.688661382777766,1.6264204242257343
clock,noun,0.9637786262680973,1.0332728769253794,1.0012201329047374,NA
close,predicate,2.158064701004621,0.8648790192360737,1.306512323450394,1.9349162621752227
closet,noun,0.7126413284897828,0.832280222829824,1.0641422188873229,1.4759098242116695
clothes,noun,0.8763450173437266,0.8282718709679285,NA,1.4932480724349944
cloud,noun,1.6528231545472774,2.0380567449814464,1.313356183324014,1.2447852593620703
coat,noun,0.10706672651267518,0.872302958435644,0.9250037716494202,1.0000168135475922
coffee,noun,0.6954885192182535,NA,1.122319277276509,0.8960294314844259
cold,predicate,1.5061805657391742,1.0943739617384425,1.3153176785021572,1.0244491685616015
comb (object),noun,0.48836274806908114,0.6601696256750694,0.6986832916252155,2.2511533787943887
come,predicate,1.6346282033880786,NA,NA,1.0562554165423663
cookie,noun,1.2058085465275037,NA,0.9021085515550978,1.6308557299319268
corn,noun,1.0333295268760083,1.901935689715172,1.3768013679864246,2.037655885512465
cow,noun,1.9934849954663167,1.8554623872483256,1.9348651657101923,0.5932586315821823
crab,noun,2.1988119285016494,1.0736595876542836,NA,NA
cracker,noun,1.2888830241680538,NA,1.1142728501334775,NA
crayon,noun,1.695528678598039,1.300653397948359,1.1726709252288787,0.7293493201920745
crocodile,noun,1.930735077473196,NA,NA,0.14908888717576757
crow,noun,1.7832436798465656,NA,NA,NA
cry,predicate,2.223622105649141,0.8362458343321671,1.2349399221104338,2.448586069193993
cucumber,noun,1.5453386098803714,NA,NA,NA
cup,noun,0.7704305383948922,1.0447950360227816,0.8726421710191488,2.1956831938207375
curtain,noun,1.2383492187188516,NA,NA,NA
cut,predicate,1.988564391217068,0.7321491055635854,1.1959570923957732,1.900709615833984
cute,predicate,1.183943508724155,1.0528716049020663,0.9145635783651608,0.8332175077970153
dance,predicate,1.355244227862267,1.3074604511875827,1.1547365530211269,1.858647510108726
dark,predicate,2.0400682988432353,0.6422731546406376,1.5370017778543976,1.1781685333254663
diaper,noun,1.2292613969330768,0.5010228451233899,0.9221026851150972,1.935853549208932
difficult,predicate,1.6264788974341815,NA,NA,NA
dirty,predicate,1.0813708805177125,0.27586514688705366,1.1859630541520776,0.8588471781242929
dirty (action),predicate,2.048431718011562,NA,NA,NA
dish,noun,1.0257902981621387,NA,0.7392880818191662,NA
dislike,predicate,1.1832653274322624,NA,NA,NA
do,predicate,1.5973825436460676,1.25067793116253,NA,2.0746673862264142
dog,noun,1.3308670793073587,0.7572583755337633,1.0497511388707257,0.8816007629137786
doll,noun,0.9056373556138654,0.809612723307566,0.46707949402303767,1.3294493495359037
donut,noun,1.651786707766666,NA,NA,NA
door,noun,0.8827983021037471,0.9847196954107764,0.9380744255502792,1.7612130138610118
drawer,noun,0.9574100075905956,0.910946523396984,0.8383021771869137,1.940240794389544
drink (action),predicate,2.4716149066979973,0.9360574852414052,0.8223535987582755,NA
drum,noun,1.6413926753052248,NA,NA,NA
dry (description),predicate,1.0743567651112498,NA,1.4385710272869718,1.5158337078149704
duck,noun,1.7356860625361563,1.746045410072783,1.7043695671988917,0.5823079185562898
ear,noun,0.7794564180269321,1.4378619311774383,1.2298854365256648,1.3990845322931134
easy,predicate,1.581078411263027,NA,NA,NA
eat,predicate,2.2145284004596513,0.9729845658382118,0.9952820157225388,1.7380923599404614
egg,noun,1.696252640872735,1.1461545147413943,1.3628205137464422,1.3216729129828977
eggplant,noun,2.1934112326259565,NA,NA,NA
elephant,noun,1.870625634244541,2.042853622415639,2.2969062508398563,0.3608330556824157
empty,predicate,0.9298639698549988,0.7342701484333586,1.0831468911822837,1.1785025030962333
end,predicate,1.845694821691948,NA,NA,NA
enter,predicate,1.83804540514061,1.3933881014404377,NA,2.434564367447813
escape,predicate,1.7025668245720822,NA,NA,NA
eye,noun,0.7904071463734031,1.267560002421173,0.9881482720282708,1.1095817323195156
eyebrow,noun,1.0340492504210788,0.7348389392417332,NA,NA
face,noun,1.0952992350013373,0.9689023098085752,0.917108377178712,1.798765904037354
fall,predicate,1.9075526938896428,0.5662586602971398,1.503757906757221,1.583942416571209
fan,noun,1.0664024884590468,0.8731074180102759,NA,NA
fast,predicate,2.056352730449478,1.0411576024496083,2.0505083085912643,1.3997203632096369
finger,noun,0.9431233235697848,1.0979147053811988,1.362388778097962,1.651091006032478
firetruck,noun,1.2242703970603483,1.955107763359605,1.3859938438226167,0.5548713413599218
fish (animal),noun,2.421113389220273,1.1993741936967135,1.6691002220767102,0.8931954542081825
fish (food),noun,1.8647132756616636,1.0749519442940494,0.8505008200211778,1.2730011144883084
fix,predicate,1.539342970429174,1.1656714440727605,1.4565610959453184,2.0494354803809185
flag,noun,0.964616199013364,1.0050275155224204,1.0361621055624954,1.4235320650113168
flower,noun,1.275708776693696,1.5363516677559304,1.459101775528723,0.983830438491238
forehead,noun,1.2877705181001178,NA,NA,NA
fork,noun,1.1667722388232542,1.1439886141229896,1.4529411833729078,1.343130927098146
fox,noun,2.1211552620358902,NA,NA,NA
frog,noun,2.406731073336096,2.313650235743553,2.3013114540953894,0.6884850314161007
fun,predicate,1.7616340767846792,NA,NA,NA
funny,predicate,1.0634348716099835,NA,NA,NA
game,noun,0.7211096662065838,NA,0.9856773000010736,NA
garden,noun,0.823930931535546,NA,1.0882320155214218,NA
get,predicate,2.1624825478029517,NA,1.1875358910750464,NA
get off,predicate,1.806167801416007,NA,NA,NA
get on,predicate,2.9291442446495783,NA,NA,NA
get out,predicate,1.7368526033356406,NA,NA,NA
get up,predicate,2.3979954558489176,1.201893121331036,NA,NA
giraffe,noun,2.3165779725092612,2.6910639756643753,2.328197162805222,0.27050116506291527
glasses,noun,1.1691685779260663,1.1966464162741457,1.0462756012983507,1.5312534701059983
gloves,noun,1.5371995053608218,NA,NA,NA
glue (object),noun,1.0281746230009396,0.9537937860992486,1.0135548727400212,NA
go,predicate,1.3968234567335402,0.9997049264122796,0.8775034451722232,0.8107262760560496
go up,predicate,1.0018169798988426,1.4730437568580297,NA,NA
good,predicate,1.216731578145072,1.103963566562348,0.8244350288129919,0.9358878419937028
gorilla,noun,1.664771713741923,NA,NA,NA
grapes,noun,1.5868231493286946,1.2930421463201678,1.441442611224745,0.4202617477276644
grass,noun,0.9587092098474626,1.402127604127014,1.1337506638374546,1.6967374183922137
green,predicate,2.1102072660292337,2.508771906237956,3.0063182067577587,0.03742252755626683
gum,noun,0.15997474987837798,NA,0.0462551462061687,1.7267572706290868
hair,noun,0.5738489551048197,1.1531332253840276,1.2145507440058807,1.7403133540440312
hair dryer,noun,0.6172800715202557,NA,NA,NA
ham,noun,0.8564750807647459,0.5687771966836921,NA,1.4975469306910492
hamburger,noun,1.6110205304340066,1.0269803585899973,0.824671021268608,0.7987623076789722
hand,noun,0.6555088866787304,0.9064566589607168,1.276808144324104,1.275962078374372
handkerchief,noun,1.1907059440975891,NA,NA,NA
hang,predicate,1.634380142917785,1.0670637780736314,NA,NA
happy,predicate,1.1250817546374223,1.6402014814683763,1.332631605054407,0.9562712097410618
hard,predicate,1.4993890289013845,1.10683130662967,1.8649596363171332,1.3475822013183552
hat,noun,0.9140039393831264,1.187286724948878,1.3445091250707168,1.4358432898768074
have,predicate,2.4560855570971056,1.40027444476745,1.6719157981025,1.2962582164379406
head,noun,1.0179346144226962,1.229265452611375,1.1035106171019,1.7136551582050312
hear,predicate,1.642339760966292,NA,1.6806266230695266,1.4461584131213148
heavy,predicate,1.6262064105686591,0.8835734259579416,1.6800751512809415,1.801017618947511
helicopter,noun,1.6379039576001375,1.81290942283736,1.4888362003178983,0.3816279669563806
help,predicate,1.5571899861739231,1.7089433208536635,1.4829494475820066,1.6756459400515198
hide,predicate,2.113010873010031,1.4474840981382875,1.66948241970819,2.6202874332227903
high,predicate,1.9621909956755037,1.5153329813992624,1.730716184271776,NA
hippopotamus,noun,1.9576802681915448,NA,NA,0.416808240636674
hit,predicate,1.607647813435959,0.01408854149460826,1.185482452510256,2.454754336006097
horse,noun,2.0950925969303036,1.5711055404130176,1.9693061929446976,0.9818063775822254
hose,noun,1.0542449323990013,NA,0.8005872386328169,2.04520528078507
hot,predicate,1.327297184094003,0.9291766418712064,0.8238353734935236,1.095510761488189
hug,predicate,0.8398334473392307,1.0046826813276226,1.0932787367213022,NA
ice,noun,0.6820172812833439,NA,0.7520637526123782,0.9006986065509822
ice cream,noun,0.5892481012342642,0.6991188664692057,1.166066353199819,0.9624420564849846
iron (object),noun,0.5787502695342068,NA,NA,2.6562417619369088
itchy,predicate,1.145215369052019,0.4578814352476048,NA,NA
jacket,noun,0.7142076297968653,NA,0.94575539687556,NA
jam,noun,1.2173183778781458,NA,NA,1.5024960549551485
jeans,noun,0.4270362475138943,1.0508883418000137,0.9342283893012296,NA
jelly,noun,0.6752798161505978,NA,0.7888992249458654,2.1263403721395475
juice,noun,0.5449531000374308,0.7771175241676836,0.5521929043366567,0.681460518569503
jump,predicate,1.8217589207216192,1.1748949721352553,1.6910119219458195,1.7808011112813107
key,noun,0.7173086781321164,0.7213325188387719,0.3282537298180623,1.8002852537941056
kick,predicate,1.662070831214814,0.8237402294668232,1.3566123655226858,2.6107166570129343
kitchen,noun,0.8858731317556292,1.5775863837077135,1.1324962011310369,1.5750151639691294
knife,noun,1.1012921605520996,1.1154158345318423,1.2515769603966749,1.7023537863648766
know,predicate,2.354921300468191,0.8035828167341026,NA,2.0860143462264262
koala,noun,1.8564868834706816,NA,NA,NA
ladder,noun,0.8019475043989781,0.8418093740246361,1.2752781563743507,NA
large,predicate,2.029286140842387,NA,NA,NA
laugh,predicate,1.496995447116717,1.0292627013533775,NA,NA
leaf,noun,0.6678888048763459,1.6389263077319256,NA,1.52046368237124
leg,noun,0.823678558133093,0.9755480927670956,1.420187170833289,1.5425743646168504
lend,predicate,1.88274437213574,NA,NA,NA
lick,predicate,2.18937854095259,NA,1.2056588368899217,NA
lift (action),predicate,1.26375535147734,NA,NA,NA
light,noun,0.8842721795326897,NA,NA,NA
like,predicate,1.2398782072248051,1.6596584297343668,1.6437529646306133,1.747185404868233
lion,noun,2.2724212116476585,2.6710740457679387,2.296909756527532,0.5701789065141333
listen,predicate,1.783994663091581,1.367934191235238,1.2544037458293569,1.55322851485049
long,predicate,2.3071427436655454,1.7102799407385152,1.94791736253654,1.230643030279518
look,predicate,1.8484769539916075,1.201388557231862,0.9972020806528012,1.0325215627331144
make,predicate,2.52820855486791,NA,1.829100014822051,NA
mean,predicate,0.7325479959277593,0.8205542911018284,NA,NA
meat,noun,1.8644161854743977,0.7718254457465924,0.8025922526443541,1.6462355617200355
medicine,noun,0.99343830389135,0.587229903795793,0.8560569853054327,1.654426300118371
melon,noun,1.7237096492899289,0.6512559195434707,1.00935030529365,1.519356860914857
microphone,noun,0.5885510949502717,0.7808320875261668,NA,NA
microwave,noun,0.6671229095415862,NA,NA,NA
milk,noun,0.9667407493853113,0.41961308294717936,0.9978638454711748,1.0892229481940865
money,noun,0.6516877406685105,0.31795356324951407,0.3863974331853771,2.6605881718688416
monkey,noun,2.0889448157038446,1.526950320955622,2.0477342973049657,0.31138987252770634
moon,noun,1.5856324935683306,2.2910795449963306,1.409549867995387,0.6833801082733607
motorcycle,noun,1.0798305312809846,1.5035908821156063,1.2156926734340705,1.019060535996338
mouse,noun,2.0675864213550263,1.4712544829277372,1.902843931714609,1.352841713321446
mouth,noun,1.026344532243297,1.3329466995147143,1.059990525768349,1.1847458847744496
nail (finger),noun,1.1096069142257907,NA,NA,NA
nail (object),noun,0.5526625217988914,NA,0.813753335189025,1.999548910518748
neck,noun,1.3065331564504694,1.092778582916459,NA,NA
necklace,noun,1.1481016042557664,0.5119893632738105,0.9913506090352066,1.4018116116721562
need,predicate,0.9460479869694868,NA,NA,NA
new,predicate,1.4747343715517256,NA,1.598153745712496,1.5153814688887786
noisy,predicate,0.7778470928076675,0.8630930610160599,1.2174033919263083,1.284696571119881
none,predicate,1.2957278190995238,NA,NA,NA
noodles,noun,0.9995197778156242,1.0107257670374956,NA,NA
nose,noun,0.8379123996357903,1.411809324645776,1.088070692835549,1.0024783420634935
open (action),predicate,1.6147896995514155,0.849604120601297,1.314306174170459,1.4751736732053211
orange (food),noun,1.5264427784426733,1.1516767547442737,1.4743654799891888,1.4973799765507352
painful,predicate,1.392344170034028,NA,NA,NA
paint (action),predicate,2.1848154681282264,NA,1.3981778829847806,1.4688074153389044
pajamas,noun,1.154693899025116,1.1041533666243666,1.1940728058969363,0.6170928217415954
pan,noun,1.535596104163774,NA,NA,NA
pancake,noun,1.4206106979340436,NA,1.206329271698808,0.6896178760615372
panda,noun,2.0710012100825663,2.114004943123225,NA,NA
pants,noun,1.4613380133817864,0.9951336750547508,1.304371683516497,1.5840624245297477
paper,noun,1.2474008492631576,0.43360034988742274,1.1181398631305584,1.7581743103644305
parking lot,noun,0.8737373084486808,NA,NA,NA
peach,noun,1.387082367839865,NA,NA,1.4733408619945436
pear,noun,1.3396583813516982,1.4134517455070483,NA,NA
peel,predicate,1.5285063963190744,0.2842537673211267,NA,NA
pen,noun,0.7257508965223192,0.5822660944235214,0.6375124759977769,1.7000466528364917
pencil,noun,1.0579743174952367,0.8708160695686535,0.801047073553983,NA
penguin,noun,2.245008417584461,2.7888668639315215,1.9779539327056097,0.18193581385341304
penis,noun,-0.01292822053223689,NA,0.5943023911420063,0.4577687042069291
piano,noun,0.9659442592884208,0.6997279215446405,NA,NA
pick up,predicate,2.6653381996413783,NA,NA,NA
picture,noun,0.8923008013941758,1.3395803163773208,1.2118171124034467,1.4061925149693066
pig,noun,2.0154646116952857,1.9963665195781035,2.131157201644397,1.2235061488388002
pigeon,noun,1.518287499478998,1.226918017371692,NA,NA
pillow,noun,1.1761608345725572,0.9640398780338748,1.1263714451865,1.790091698175564
pitiful,predicate,1.3674788890287377,0.9320189024162476,NA,NA
play,predicate,2.5047299285661664,1.076517174121503,1.5629984685727387,2.343176394058466
police car,noun,1.2548683486311605,0.7799633543149546,NA,NA
pool,noun,0.875402811811502,1.212190319140825,0.6567100382084924,0.26871394790369024
pot,noun,0.9767712995444424,0.6527430910577839,NA,1.6231772499544994
potty,noun,0.20682963587427827,0.4462955934721801,0.8280540965144091,1.7082757726704698
present,noun,1.6231502882089417,1.6391775886181124,1.490469045729954,NA
pudding,noun,0.7998341222925416,NA,0.6168067807264854,NA
pull,predicate,2.064946538006388,0.7974697063252909,1.321755080882524,2.4440171256410608
pumpkin,noun,1.7717309973561215,NA,1.5032230101805937,1.5665081672063046
push,predicate,1.5914662776411872,0.9961084890491436,1.304475673555813,2.0243879615536153
put,predicate,1.8756657486634216,1.0158330086791125,1.4844744735760802,2.2709738002453705
put in,predicate,1.793667898640137,NA,NA,NA
put on,predicate,1.800566473325413,0.9092990240329615,NA,NA
puzzle,noun,1.1749954926296122,NA,1.5237250253729402,NA
quiet,predicate,1.9097980870709828,NA,1.4667231609508002,0.888595410654876
rabbit,noun,2.2426281249351887,NA,NA,NA
radish,noun,1.707080782231188,NA,NA,NA
rag,noun,0.7562139651861592,NA,NA,NA
rain,noun,1.3368851446759815,0.6465371209373528,1.394133157506628,1.0256272839377607
read,predicate,2.4244298504461543,0.8953969161568166,1.5640510464259316,1.056110211687901
red,predicate,1.565307612652077,2.594676434473601,2.687399471941411,0.04996016838928965
refrigerator,noun,1.006237913630941,1.1056434786170477,0.8336071122400636,1.475462668733485
remove,predicate,2.1558568889091605,0.9675395117348776,NA,1.9232625768716416
ribbon,noun,0.8869406328613727,NA,NA,NA
rice,noun,1.1669327159098513,0.8326269608540346,NA,0.7300606329891579
river,noun,1.2142585002104274,NA,NA,NA
road,noun,1.5441292942486942,1.561029275846456,NA,NA
roof,noun,1.4788294952262735,NA,1.066926840716384,1.6792545342006369
room,noun,1.396384527941865,0.8504007707572218,0.881205107010914,1.4513991512066498
round,predicate,2.113332128183373,NA,NA,NA
run,predicate,2.1370114678129286,1.2961553095969949,1.8866122671265209,1.86223921728218
sandbox,noun,1.4059131239135088,NA,0.891100456226664,NA
sandwich,noun,1.7553614509668192,NA,1.1396588012426845,1.293178213256936
say,predicate,1.6517747645913052,1.468460406356879,1.3153087002910908,1.851461730621968
scarf,noun,1.34144192298612,1.151972421491709,1.2577666382646235,1.566070432128546
scary,predicate,1.0885763659576595,NA,NA,NA
scissors,noun,1.305440151547158,0.7563104002752703,1.0618510982617988,2.3682269552438333
shampoo,noun,0.927621368862206,NA,NA,1.606129062962138
sheep,noun,2.4706686295965237,2.328176972532151,2.3362558748755684,NA
ship,noun,1.701795897548597,NA,NA,NA
shirt,noun,0.4905165332430911,0.9699111223837654,1.3605857105121313,1.2012979132213466
shoe,noun,1.095833377945964,0.9354130578041064,0.9921889206905066,1.0516724067481087
shorts,noun,0.6360352722554526,NA,0.9604610957112324,0.6698837963310298
shoulder,noun,1.433287370539326,1.6370971636140563,1.282015675551064,1.3958481942616912
shovel,noun,0.6407103875796601,NA,1.2652601446320002,1.1255354280277814
show,predicate,2.0659336663046637,NA,1.60308279729809,2.4782334475187517
shower,noun,1.031891681833924,NA,1.0586002617535817,1.857081337195811
shrimp,noun,1.3444489679896148,0.714757294706095,NA,NA
sick,predicate,1.2707502609904455,1.1711257318783257,1.2175263340324332,1.671517243087604
sing,predicate,2.072720960845829,1.4206141663924108,1.6184082727262497,1.979736439779348
sit,predicate,2.3307667003023047,1.1484343697317545,1.1816540116452474,2.34825256204823
skirt,noun,1.0700444000318723,0.4757573008637705,NA,1.490152072553268
sky,noun,1.6782405572257495,1.6282888285428267,0.944148518189398,1.309286810190323
sleep,predicate,1.9905421224080675,0.7039880721884679,1.7586558234193024,1.712128310423366
sleepy,predicate,1.328919878640492,1.0262244790528543,1.0056965759340102,NA
slide (object),noun,1.2361674330263948,1.3665786716660544,1.1763790331920108,1.745087859033427
slipper,noun,0.8796880992794167,0.8697453721987425,0.8118628270427193,1.6126292722645623
slow,predicate,1.875478571587199,1.8614461252822736,1.948088485584468,1.0924430573849422
slowly,predicate,1.9083943235587728,NA,NA,NA
small,predicate,2.230813173636328,1.6461331898171545,NA,NA
smelly,predicate,0.37310094572543623,0.4641760599204543,NA,NA
snake,noun,1.9603561038069783,1.32579128770237,NA,1.196291176555976
sneaker,noun,0.37660414476926635,1.0169882100517635,0.5671732393421306,NA
snow,noun,1.1735012954958246,NA,1.1313813601215394,1.0278328044408758
snowman,noun,1.2427944260765242,NA,1.293297706653486,0.953114547310853
soap,noun,1.1787156136556447,0.7245078878929504,1.0814488730814724,2.3489881862975324
sock,noun,0.7171315333208009,1.3938078891727443,0.5228511542998912,1.9224363790499877
soft,predicate,2.0027224386910643,1.0180293227636175,1.3724748284204806,0.6667168203197289
soup,noun,1.1497394562340693,1.0254429832382457,1.0081210840429202,1.562225044414217
sour,predicate,0.9169251908334004,0.6621327570651412,NA,NA
soy sauce,noun,1.1123242757884948,0.4604745874841092,NA,NA
spaghetti,noun,1.1235156614525483,1.3727479600261192,NA,NA
spicy,predicate,0.8497412223563807,0.41730143653306945,NA,NA
spill,predicate,1.9705749288514451,NA,1.5454364160621652,NA
spinach,noun,1.9701543445621903,NA,NA,NA
spoon,noun,0.8218897854425596,0.8554529971805138,1.1658625991813956,1.5751371751806178
square,predicate,1.40033249240847,NA,NA,NA
squirrel,noun,2.0516169640500337,NA,1.7041515687061617,0.36718445546815515
stairs,noun,1.4906344034995678,1.316188878834324,0.9705854990392276,2.0631673870153153
stand,predicate,1.4388724408806743,1.2694771839341887,1.745194711420522,2.5208700635857384
star,noun,1.2252319359150383,1.9178539335376017,1.3631731996390106,0.7898822754346045
stick,predicate,1.799897518334667,0.9362664561243458,NA,NA
stone,noun,1.03471859282431,1.670122800984717,0.7281993538014251,NA
stop,predicate,2.1752426826564704,1.4735603756682305,0.9931836055777856,NA
stove,noun,0.6563066456565252,0.8380557025705274,0.8494759453676304,3.1410308945727583
strange,predicate,1.232046097274802,NA,NA,NA
straw,noun,1.002284294832805,NA,NA,NA
strawberry,noun,1.798742906837554,NA,1.6043384868231003,0.697387124584738
sugar,noun,1.193431305716437,NA,NA,1.8589966024840088
sun,noun,1.5078064035783771,2.6248187571780894,1.428361769653093,1.068187056539134
sweater,noun,1.368348651830567,0.9688236948841064,0.932614232652762,2.3112676450221024
sweet,predicate,1.7778258097559274,1.097789185549605,NA,NA
sweet potato,noun,1.3402646868766384,NA,NA,NA
sweets,noun,0.7162691617936214,NA,NA,NA
swim,predicate,1.8171849965968672,1.1511791673598244,1.2534656778685602,1.3152528526227258
swing (object),noun,1.3370585345131345,1.0759300509640115,1.032748261730079,1.4088434836807084
table,noun,1.0159242618770352,0.9183252701871366,1.296329984616998,1.9842550293919603
tail,noun,1.218915677779186,NA,NA,NA
take,predicate,2.0135475679295123,1.0768580327817143,1.454058369281074,2.312766608809604
tape,noun,0.8258655888564116,NA,NA,NA
tasty,predicate,1.3984954859653258,NA,NA,NA
tea,noun,0.4083023145262746,0.22505714020682285,NA,0.989548583747115
telephone,noun,1.2029747621018752,0.8567849310376405,0.9802474117692528,1.1349930568855506
throw,predicate,2.2619372114468645,0.8602975549626902,1.6661511802916094,2.3949106417017223
tie (object),noun,1.0792642475152252,NA,NA,NA
tiger,noun,2.526173346324705,2.0419152197358885,1.9110974281607735,0.33321082099939187
tights,noun,0.6632884173978305,NA,0.6748771697330647,0.34232367251418633
tired,predicate,1.309729431757332,0.9840631213669596,1.4629141674264936,1.4605075980392748
tissue,noun,0.49862119960680346,0.7046292083582977,0.8720991090065157,1.989398151336179
tofu,noun,1.1932129782856598,1.0517236251937097,NA,NA
toilet,noun,1.6247707925386552,NA,NA,NA
tomato,noun,2.1973444696043183,1.7129648388151937,NA,NA
tongue,noun,0.8452763814087195,1.116976834501614,1.0207880752276426,1.2500618876890193
tooth,noun,0.5780413038346474,0.9954385826099936,0.8801364033250791,1.6087230045060363
toothbrush,noun,1.0382709003009565,1.4330992441059809,1.127876567181116,1.4438579769149735
touch,predicate,2.013035390090398,1.205733227530362,1.458032111954731,1.609525298394238
towel,noun,0.8298568910782281,0.7555225310433793,1.2281830570721473,1.8023942770260308
toy (object),noun,1.101517110717166,1.1489162750172262,0.77377854004745406,1.7270967464749232
train,noun,1.8447128695456425,1.1675542222548865,1.665142868136655,0.4929630822337291
trash can,noun,1.4213293668915694,NA,NA,NA
tree,noun,0.9806569145780528,1.6090445594738794,1.4189849983422185,1.1921771343606156
tricycle,noun,0.9993162931712292,NA,0.9122689499191704,1.209631207277284
truck,noun,1.467923398093438,1.605578399449794,1.4022044975016357,0.6865329054847022
tummy,noun,0.8412768787403248,0.8140534848557064,0.9297500141882477,2.1013946098018024
turn around,predicate,2.245466915293987,NA,NA,NA
turtle,noun,2.514664840526033,1.5476099572879496,2.1965355488020015,0.47095013435322536
tv,noun,1.2375721793390633,0.5753362737531058,0.532992271746006,1.460417838920168
umbrella,noun,0.9802846287868728,0.7196857020438082,NA,NA
understand,predicate,2.1378236262481787,0.8537214924982309,NA,NA
vacuum cleaner,noun,0.9986692580635816,NA,NA,NA
vegetable,noun,1.5337020068443747,0.8638332490798621,NA,NA
video,noun,0.8007798398386551,NA,NA,NA
wait,predicate,2.185360134444419,1.188507324491587,1.1098996255040423,2.0923498771064772
walk,predicate,1.8436518220330815,1.0378768096625397,1.387206377385427,1.7902198248508574
wallet,noun,0.9009532283083568,0.6018876801644277,NA,NA
want,predicate,1.8042139122450045,0.7056655371707431,NA,1.118828062290245
wash,predicate,1.5412921069278724,0.7296847542105837,1.4636877511173192,2.2979062849031373
water (beverage),noun,1.004076133230847,0.6485402309970111,1.1066638591338287,0.9895185069326908
watering can,noun,0.4947633961716251,NA,NA,NA
watermelon,noun,1.4439503988339395,1.171874052830398,NA,1.2365821660153775
wear,predicate,2.026009954949899,NA,NA,NA
wet,predicate,1.7708319379022477,NA,NA,NA
whale,noun,1.7928151655753868,NA,NA,NA
white,predicate,1.9896086474159604,2.133603052487424,2.6433584951651454,0.422393560467444
wind,noun,1.5888123553668902,1.1402833950297762,1.260755163538117,1.599863534956879
window,noun,1.3860058025928157,1.1715656011672266,0.8572881694986244,2.0549829617234052
wipe,predicate,2.0097208056085525,0.480041897541758,1.2312677201076516,NA
wolf,noun,1.5684195481764438,1.826107119927021,1.4234952888842165,0.951198168669873
write,predicate,1.9694769657378528,0.22716382126087317,0.732810036290455,1.7512404744513337
wrong,predicate,1.831250895567662,NA,NA,NA
yogurt,noun,1.4495858599637996,NA,1.2569092486387878,0.4454759944207805
yucky,predicate,0.9980496207991127,0.5154876346729603,0.6572451034543454,1.0898994880670685
zebra,noun,1.6833045068566097,2.3718093703600944,2.315544462398991,0.2758178780552846
zipper,noun,0.9476755592895538,1.413320861092939,1.3119784670710712,1.5575841795620546
all gone,predicate,NA,-0.09852847427475492,0.6849775362758294,NA
alligator,noun,NA,2.6713366321154313,1.896492763040917,NA
ambulance,noun,NA,1.903858948960058,NA,NA
angry,predicate,NA,0.7163017797253117,NA,1.8300320296642036
arm,noun,NA,1.2849955782117919,1.2592310195153174,1.4086119580822305
ask,predicate,NA,1.9129753696314964,NA,NA
asleep,predicate,NA,1.3708777990120906,1.0661496429506303,NA
awake,predicate,NA,1.3013145679393918,1.4586495308348335,2.0771790350212087
back (body part),noun,NA,0.9508287626468792,NA,NA
basin,noun,NA,0.4370750276579719,NA,NA
bathroom,noun,NA,1.3722932564651216,0.9655016086043052,1.4742111626656866
bathtub,noun,NA,1.3523285316104994,0.7723932471639993,1.8136435146016636
beef,noun,NA,1.6787453055450936,NA,NA
bell,noun,NA,0.33038660767859634,NA,NA
bib,noun,NA,0.7247913641711973,0.8961543439538984,1.7273436734114065
big,predicate,NA,1.7801689155128857,1.7123185627716446,0.993460123056322
biscuit,noun,NA,0.6276402025469234,NA,NA
bite,predicate,NA,0.6269820013745137,0.682508440532489,2.7452024935986223
bitter,predicate,NA,0.4623173309498314,NA,NA
blink,predicate,NA,0.895402379571128,NA,NA
boat,noun,NA,1.550123395198599,1.8103059185650252,0.6540258524041987
borrow,predicate,NA,0.7989480028545699,NA,NA
bounce,predicate,NA,0.7562157906119185,NA,NA
bridge,noun,NA,1.4135567046599449,NA,NA
broken,predicate,NA,1.0514358369951426,1.4061162176231412,1.2960501418780703
brown,predicate,NA,2.074200318670553,2.393920508627656,NA
brush (action),predicate,NA,1.108977158904843,NA,NA
brush (object),noun,NA,0.8095408465737632,0.8997884689008486,2.0292678831869937
build,predicate,NA,0.9896044686060532,1.4440361818312757,2.6413115268456626
bully,predicate,NA,0.7970383030320158,NA,NA
bun,noun,NA,0.8955190220258358,NA,NA
bunny,noun,NA,1.7989842866592047,1.5389497359515514,1.0829372446366743
butt,noun,NA,0.4550835596629492,0.925812459131944,1.1140878164990449
cabbage,noun,NA,0.9314896722335292,NA,NA
can (auxiliary),predicate,NA,1.0237048863099292,NA,1.8677222756289604
card,noun,NA,-0.07619417675494934,NA,NA
careful,predicate,NA,1.1079613190914548,1.3364728064870055,NA
carousel,noun,NA,0.572310898794806,NA,NA
cd,noun,NA,0.6974547703726365,NA,NA
ceiling,noun,NA,1.4850747367245198,NA,NA
chase,predicate,NA,0.8769061761336309,1.1201748730245469,NA
chew,predicate,NA,0.6474445214469398,NA,NA
chicken (animal),noun,NA,1.252015949225504,1.6557111995260505,NA
chicken (food),noun,NA,1.0306671510154062,1.2294202759959547,1.3457413268471452
chop,predicate,NA,0.9486865802624362,NA,NA
clap,predicate,NA,0.9136229444513456,1.0064156046363768,NA
cloth,noun,NA,0.6426841784129145,NA,2.079846588413455
clumsy,predicate,NA,0.611293225651971,NA,NA
cockroach,noun,NA,0.3908535434312406,NA,NA
coke,noun,NA,-0.10945517625343706,0.05067474328522798,NA
color (action),predicate,NA,1.0767598457456575,NA,NA
comb (action),predicate,NA,0.7330097029370672,NA,2.506352350741789
comfortable,predicate,NA,1.2236779504115067,NA,NA
computer,noun,NA,0.9270109497751702,NA,-0.07130339735564264
cook,noun,NA,0.9790161816429964,NA,NA
cook,predicate,NA,1.3379765757341888,1.197702116184376,0.8739503127280857
cool (description),predicate,NA,0.8535242401159406,NA,NA
couch,noun,NA,1.0426274913105509,0.687833889217198,1.2371569028741023
cough,predicate,NA,0.5856192457776958,NA,NA
count,predicate,NA,1.7474085900148375,NA,NA
cover (action),predicate,NA,0.984964945665302,1.0764821016113184,2.163270004161974
crawl,predicate,NA,0.9883583547675648,NA,NA
crib,noun,NA,0.8939681462185382,0.8011122890941369,1.4750921573292
deer,noun,NA,1.7663090659451202,1.4684682531883877,1.155367984870101
dinosaur,noun,NA,1.4712804462025335,NA,NA
dolphin,noun,NA,2.1582403291164542,NA,NA
dragon,noun,NA,0.9925066826602116,NA,NA
dragonfly,noun,NA,1.924814186825143,NA,NA
draw,predicate,NA,1.074388094114192,1.3053537797474748,1.786967597568275
dream,predicate,NA,1.0774708089011154,NA,NA
drip,predicate,NA,0.7375728624846375,NA,NA
dumb,predicate,NA,0.627641049886254,NA,NA
dumpling,noun,NA,0.6332984365007343,NA,NA
elbow,noun,NA,1.22533118155216,NA,NA
elevator,noun,NA,0.686456674972835,NA,NA
enough,predicate,NA,0.8879431303581325,NA,NA
eraser,noun,NA,0.2865990816732628,NA,NA
exchange,predicate,NA,1.1224828633239297,NA,NA
faucet,noun,NA,0.8769189889091809,NA,NA
feed,predicate,NA,0.8953578273910188,1.2157539163692272,NA
find,predicate,NA,1.575645595461761,1.9531572375808823,2.70900017456977
finish,predicate,NA,1.0528324971436989,0.8794201137608355,1.5071488715427117
floor,noun,NA,0.7531672351445646,NA,NA
fly (action),predicate,NA,1.1467232951863184,NA,NA
fly (animal),noun,NA,0.8073807559880415,NA,1.7243143382960977
fold,predicate,NA,0.6602594840845318,NA,NA
follow,predicate,NA,1.0674525867436433,NA,NA
food,noun,NA,0.5444743654022133,0.8141413884926508,1.1536242477011591
foot,noun,NA,1.086080762054382,0.918091368658714,1.383840456257509
fountain,noun,NA,1.2516592398635629,NA,NA
fragrant,predicate,NA,0.9738899742342074,NA,NA
french fries,noun,NA,0.28147658820621285,0.6255001916305902,NA
fruit,noun,NA,0.9754125188006364,NA,NA
full,predicate,NA,0.6781446344438851,1.3226632408196068,1.618117829358919
ginger,noun,NA,0.9388984397388636,NA,NA
give,predicate,NA,0.916447441397116,1.1565956723280206,1.7510352381766099
glove,noun,NA,0.888237601632455,1.0733370931985646,1.5660832736835348
go down,predicate,NA,1.3839925154921089,NA,NA
go out,predicate,NA,1.2259922720187757,NA,NA
goose,noun,NA,1.2866431198637056,1.561874627516697,1.096354439126037
grab,predicate,NA,0.6626233753013584,NA,NA
grasp,predicate,NA,0.8059507365007704,NA,NA
grey,predicate,NA,2.1677794889152846,NA,NA
guess,predicate,NA,1.3384172757657884,NA,NA
gun,noun,NA,0.3172516515865152,NA,NA
hanger,noun,NA,1.0356515928222672,NA,NA
heel,noun,NA,1.3046355884808036,NA,NA
hold,predicate,NA,0.7551271729179089,1.4500636555729147,2.494073278286272
hungry,predicate,NA,1.0167712976629586,1.0872453382453835,1.2365397149012174
hurry,predicate,NA,0.9990405629696733,0.9516739601580072,1.7456845644457737
hurt (description),predicate,NA,0.4432546113596661,1.165437305385571,NA
insert,predicate,NA,0.639675168772401,NA,NA
itch,predicate,NA,-0.01496737342826264,NA,NA
jello,noun,NA,0.23534271705564952,0.3723378674568644,NA
kiss,predicate,NA,0.6442260767528799,0.8900549964885743,1.6148769080059735
kite,noun,NA,1.2370150698160176,NA,NA
knee,noun,NA,1.3153244942823994,1.292148157465776,1.6430654313229778
knock,predicate,NA,0.845748968785304,1.0672245443755397,NA
learn,predicate,NA,1.2314507504296093,NA,NA
leave,predicate,NA,0.7864837191889569,NA,1.9786536698289432
less,predicate,NA,1.6548371760341158,NA,NA
light (description),predicate,NA,1.461804661093843,NA,NA
light (object),noun,NA,0.7758762668742244,0.9790629261102766,0.8645930552533793
living room,noun,NA,1.1117661174425972,0.7497188414621196,1.6848568772580972
low,predicate,NA,1.322483231200733,NA,NA
macaroni,noun,NA,0.6794680489011521,NA,NA
mango,noun,NA,1.0926889886166644,NA,NA
many,predicate,NA,1.2714365687520752,NA,NA
minibus,noun,NA,1.6922221960869297,NA,NA
mirror,noun,NA,0.6931196450619621,NA,2.4256032542455617
miserable,predicate,NA,1.022923209349106,NA,NA
mop (object),noun,NA,0.7284357136620975,0.3966713499294043,NA
mosquito,noun,NA,0.49314027583768894,NA,1.469831720804738
mountain,noun,NA,1.373736934562084,NA,NA
move,predicate,NA,1.0517352892810334,NA,NA
mud,noun,NA,1.540001549622291,NA,NA
mushroom,noun,NA,0.730882481189421,NA,NA
nail (body part),noun,NA,0.41531205313793823,NA,NA
naughty,predicate,NA,0.24707140412295991,0.537360606746501,1.5089504272298444
newspaper,noun,NA,0.23112405577362544,NA,1.6732733364214156
nut,noun,NA,0.5486350555903844,1.0785851594100089,NA
onion,noun,NA,0.8400748308064085,NA,NA
orange (description),predicate,NA,2.1436736298564685,2.1341985051621917,NA
owl,noun,NA,2.96319653365379,2.047998929716859,0.549771337534628
pacifier,noun,NA,0.17291956460407096,NA,1.0154058474076344
palm,noun,NA,1.0288135015715232,NA,NA
pinch,predicate,NA,0.0949619302358873,NA,NA
plate,noun,NA,0.9495968962406393,1.2373771487229042,2.267198624435931
point,predicate,NA,0.9576862269934108,NA,NA
poke,predicate,NA,0.5207086812463854,NA,NA
pork,noun,NA,1.3514145668406852,NA,NA
pour,predicate,NA,0.6608242955054218,1.3099059747706263,NA
press,predicate,NA,0.38900734268323506,NA,NA
pretend,predicate,NA,1.4708750321588722,1.371932266995477,NA
pretty,predicate,NA,0.5658374063087077,0.6325950157781559,1.2655473793825924
prick,predicate,NA,0.28724380081083584,NA,NA
queue,predicate,NA,1.5995490893394182,NA,NA
radio,noun,NA,0.5169433938635,0.35188723433576363,2.046422993385765
remember,predicate,NA,1.075390309689741,NA,NA
ride,predicate,NA,0.640614790718238,1.46831977491249,NA
rinse,predicate,NA,0.8351711876296413,NA,NA
roll (action),predicate,NA,0.7106862452245818,NA,NA
rope,noun,NA,0.7858100096909689,NA,NA
ruler,noun,NA,0.43952734182824454,NA,NA
sad,predicate,NA,1.3653383495737796,1.839608898281358,1.0586432575040892
sand,noun,NA,1.080550284756902,NA,NA
sauce,noun,NA,0.6406488148349857,1.0641626867043583,1.125649822537301
sausage,noun,NA,0.15970904890557974,NA,NA
scared,predicate,NA,0.3005979542161077,1.4481798428061654,2.024999020029236
scold,predicate,NA,0.4158160377443153,NA,NA
scratch,predicate,NA,1.026896735495601,NA,NA
sea,noun,NA,1.3508824480275556,NA,NA
see,predicate,NA,1.108990607401925,1.041810297319433,1.5865299228403211
sell,predicate,NA,0.8530874930356217,NA,NA
send,predicate,NA,1.7283615250148128,NA,NA
shake,predicate,NA,0.8892760283989489,1.4177361647695577,NA
short,predicate,NA,1.5942077099457188,NA,1.433560315789172
shout,predicate,NA,0.9761106257938966,NA,2.458381259928756
slippery,predicate,NA,0.7735481817874179,NA,NA
smart,predicate,NA,0.7205603725293525,NA,NA
smell,predicate,NA,1.4203136762121886,NA,NA
smooth,predicate,NA,0.8921808050681651,NA,NA
snail,noun,NA,1.6151392633476491,NA,NA
soda,noun,NA,-6.967168105480502e-4,-0.02495454714563378,1.6713703653384069
song,noun,NA,0.7246670843979018,NA,NA
spin,predicate,NA,1.0642710041197436,NA,NA
spit,predicate,NA,0.7455108931423238,NA,NA
spread,predicate,NA,0.31505695798474237,NA,NA
squat,predicate,NA,0.6967979950779061,NA,NA
squeeze,predicate,NA,0.9498658066312642,NA,NA
stack (action),predicate,NA,0.9921371886715904,NA,NA
step,predicate,NA,0.7575176905497648,NA,NA
sticker,noun,NA,1.088565045780303,NA,NA
sticky,predicate,NA,0.4048092172884743,1.3056779504449851,0.9979038962436936
stir,predicate,NA,0.7108563553868904,NA,NA
story,noun,NA,1.615831350787115,1.1015591080540068,NA
street,noun,NA,0.5227106442243302,1.0696453812418525,NA
stroller,noun,NA,0.9882411925737512,0.8829872775493017,1.302767887791168
suck,predicate,NA,0.5452303509374716,NA,NA
sunny,predicate,NA,0.7839722263180299,NA,NA
swallow,predicate,NA,1.0221943858803628,NA,NA
sweep,predicate,NA,0.7547753417694029,1.074965055518521,2.3338279786990226
taxi,noun,NA,1.3867543361164574,NA,NA
teapot,noun,NA,0.990235055391797,NA,NA
tear,predicate,NA,0.8641258317497386,1.0688885996495938,NA
think,predicate,NA,1.5669658009974747,1.3613144681775693,1.6956529899596862
thirsty,predicate,NA,1.052869999644135,0.951959637887413,NA
thumb,noun,NA,1.0697071092588453,NA,NA
thunder,noun,NA,0.9634015237356768,NA,NA
tickle,predicate,NA,0.3131444376829834,1.0437292731506664,NA
tie (action),noun,NA,0.7221653845309007,NA,NA
tie (object),predicate,NA,0.660212459153372,NA,NA
toe,noun,NA,1.2558624104702174,1.0428835970142392,NA
toothpaste,noun,NA,1.1813936743430489,NA,1.5936732101646347
tram,noun,NA,1.052935684134251,NA,NA
trash,noun,NA,0.9199302679483142,0.6330577468431461,1.4246506538251544
try,predicate,NA,1.3683455318479858,NA,NA
tunnel,noun,NA,1.362694316950788,NA,NA
turn off,predicate,NA,1.0389859311253775,NA,2.077718927413618
twist,predicate,NA,0.7220100964291063,NA,NA
ugly,predicate,NA,0.6523011819866379,NA,1.0252034126096656
uncover,predicate,NA,1.085926553891887,NA,NA
underpants,noun,NA,0.9347917174173936,0.7526202431125116,2.313363769567652
use,predicate,NA,1.4228338029672192,NA,NA
vest,noun,NA,1.1255544173978729,NA,NA
warm,predicate,NA,1.1371094002809907,NA,NA
washing machine,noun,NA,1.2717985337790696,0.9588376593764912,2.077359797383655
watch (action),predicate,NA,1.4488244304136793,1.2368751759823648,2.99880194062224
watch (object),noun,NA,0.5832416412660004,0.7515740688318371,1.5466981113360307
water (not beverage),noun,NA,1.0029181461619896,0.9661990305529484,NA
wet (description),predicate,NA,0.4913026019353917,1.350739651920882,1.9177808243245864
wheel,noun,NA,1.1843799395795176,NA,NA
yellow,predicate,NA,2.8146057743752912,2.6557233401644287,0.1646075520620824
yummy,predicate,NA,1.0616560818547092,NA,NA
ankle,noun,NA,NA,0.9917448634429558,NA
applesauce,noun,NA,NA,1.0102746918344228,NA
basement,noun,NA,NA,0.6662968601361743,NA
bat (object),noun,NA,NA,0.6988330634511303,0.5433810728185943
beads,noun,NA,NA,0.7139028179718716,NA
bedroom,noun,NA,NA,0.9154067581959136,1.952138704408704
bench,noun,NA,NA,1.136042194163768,1.203472013828598
better,predicate,NA,NA,1.145407323556101,1.784037614517693
can (object),noun,NA,NA,0.6037731263938647,NA
cereal,noun,NA,NA,0.7625372406975145,0.3659582153727387
chalk,noun,NA,NA,1.1741465387608647,NA
cheerios,noun,NA,NA,0.7672925233850332,NA
donkey,noun,NA,NA,1.570823577716948,1.3105198286570847
dress (object),noun,NA,NA,0.7281313624918874,1.5139706297818911
drink (beverage),noun,NA,NA,0.5545817129430703,NA
drive,predicate,NA,NA,1.4449814666911562,NA
drop,predicate,NA,NA,1.5146388776226758,NA
dry (action),predicate,NA,NA,1.343789778371939,NA
dryer,noun,NA,NA,0.8447195007442682,1.2265396148513956
dump,predicate,NA,NA,1.132254252729886,NA
fine,predicate,NA,NA,1.0428537710766057,NA
first,predicate,NA,NA,1.2607604519163755,1.548420348263719
fit,predicate,NA,NA,1.387374199168416,1.7183722172176124
garage,noun,NA,NA,0.8596953067545589,0.5418852980610719
gentle,predicate,NA,NA,1.1118542050406863,NA
glass,noun,NA,NA,0.6756683216518921,2.1440209771700394
green beans,noun,NA,NA,1.0825187974552897,NA
hammer,noun,NA,NA,1.10457100122207,1.5621050882737892
hate,predicate,NA,NA,0.6010305663282037,NA
hen,noun,NA,NA,1.341416490378373,1.195108583461387
high chair,noun,NA,NA,0.7295609429153126,NA
jar,noun,NA,NA,0.6797834735895886,NA
kitty,noun,NA,NA,0.6343616858357218,NA
lamb,noun,NA,NA,1.434934508732787,1.463995289196013
lamp,noun,NA,NA,0.9171077590828982,1.5005741382904718
last,predicate,NA,NA,1.5380521250202632,1.5109407099490446
lawn mower,noun,NA,NA,0.8064857080998251,NA
lip,noun,NA,NA,0.7563772830173329,1.46003015292699
little (description),predicate,NA,NA,2.0127670539170657,0.9765548759128202
lollipop,noun,NA,NA,0.525029077070867,2.58384411754402
loud,predicate,NA,NA,1.8434270739090977,NA
love,predicate,NA,NA,0.863321756180638,NA
mad,predicate,NA,NA,1.0350977573516076,NA
mitten,noun,NA,NA,1.178384447955984,NA
moose,noun,NA,NA,1.6120390179102018,NA
muffin,noun,NA,NA,1.385437982708439,NA
napkin,noun,NA,NA,0.8357942894493531,1.633720235039012
nice,predicate,NA,NA,0.8752766936837941,NA
old,predicate,NA,NA,1.2762811816446549,1.1939826248249144
oven,noun,NA,NA,0.9573981595540436,1.4081271802571524
owie,noun,NA,NA,0.5104236366661759,NA
pasta,noun,NA,NA,0.9693058283657883,0.24098367302924703
pastry,noun,NA,NA,0.6349797208285032,1.446753721033592
peanut butter,noun,NA,NA,1.1847826335027951,-0.3051049797129693
peas,noun,NA,NA,1.211546994465552,1.876635513638962
penny,noun,NA,NA,0.21004365094012503,NA
pick,predicate,NA,NA,1.463272777315482,NA
pickle,noun,NA,NA,0.7781442197773452,NA
pizza,noun,NA,NA,1.0254029312900093,NA
plant,noun,NA,NA,1.014795680937758,1.4150309544759534
play dough,noun,NA,NA,1.1064617977900462,NA
play pen,noun,NA,NA,0.2246167300409768,NA
pony,noun,NA,NA,0.9544849408997156,NA
poor,predicate,NA,NA,1.0059012198463375,1.304187588396167
popcorn,noun,NA,NA,0.5815718468765342,1.6362057584760894
popsicle,noun,NA,NA,0.5716993086490272,NA
porch,noun,NA,NA,0.59925436093996,NA
potato,noun,NA,NA,1.038921002802224,1.2448891541105604
pretzel,noun,NA,NA,0.906090451980592,NA
puppy,noun,NA,NA,0.7359733187033758,NA
purse,noun,NA,NA,0.5240178046485943,1.896039634648441
raisin,noun,NA,NA,0.9950883033775384,0.9069023374926202
rip,predicate,NA,NA,1.2135639392367852,NA
rock (object),noun,NA,NA,1.2284172527823034,1.7187834001060287
rocking chair,noun,NA,NA,0.7450996400943192,NA
rooster,noun,NA,NA,1.8098435479701556,NA
salt,noun,NA,NA,0.8814983785090477,2.000981263762797
share,predicate,NA,NA,1.4894954280186357,NA
sidewalk,noun,NA,NA,1.1418472836053803,NA
sink,noun,NA,NA,0.9934520309202488,2.0125887502668207
skate (action),predicate,NA,NA,0.7534987084635629,1.4661862774102272
sled,noun,NA,NA,1.1434204369635557,0.9968823194704484
slide (action),predicate,NA,NA,1.2646967491232968,NA
smile,predicate,NA,NA,1.2614872160594366,NA
snowsuit,noun,NA,NA,0.8963699267101208,NA
splash,predicate,NA,NA,1.4056779923512657,NA
sprinkler,noun,NA,NA,0.77730208787037125,NA
stay,predicate,NA,NA,1.3397260097610788,2.8781071601555244
stick,noun,NA,NA,1.166297531349547,1.7983719779871372
stuck,predicate,NA,NA,1.193221224814405,NA
swing (action),predicate,NA,NA,1.027166101048527,NA
talk,predicate,NA,NA,1.4716577429600088,2.6269915314684384
tape (object),noun,NA,NA,0.9774442488852434,2.2083584407249046
taste,predicate,NA,NA,1.2563690184925171,NA
teddybear,noun,NA,NA,0.852124528302972,1.1935011829366378
tiny,predicate,NA,NA,1.5286595285468336,NA
toast,noun,NA,NA,1.0496964176966783,NA
tractor,noun,NA,NA,1.3886759887568232,0.4562392859700688
tray,noun,NA,NA,0.7828242502763517,3.4800409696797208
tuna,noun,NA,NA,0.6866133794490729,1.4613607720567796
turkey,noun,NA,NA,1.36039337774265,1.3738390066302646
vacuum,noun,NA,NA,0.896542068916661,0.6371489119001652
vagina,noun,NA,NA,0.3565948983700663,0.49816323821761654
vanilla,noun,NA,NA,1.023093654623543,1.3129781137986212
vitamin,noun,NA,NA,0.5569914233224428,0.5818419137081081
wake,predicate,NA,NA,1.5778335205549772,NA
walker,noun,NA,NA,0.23559054336882637,NA
windy,predicate,NA,NA,1.5993852452113533,NA
wish,predicate,NA,NA,1.1143063006292953,NA
work (action),predicate,NA,NA,1.0002073783416277,NA
yard,noun,NA,NA,0.6329991952868645,NA
accompany,predicate,NA,NA,NA,1.8850793966897927
atole,noun,NA,NA,NA,1.9712970892159776
beard,noun,NA,NA,NA,1.3382666778141563
bookshelf,noun,NA,NA,NA,2.108829255187475
breakfast (action),predicate,NA,NA,NA,1.6824762401676725
burn,predicate,NA,NA,NA,1.873997828577532
candle,noun,NA,NA,NA,1.469679675979563
chili,noun,NA,NA,NA,2.1352907125598506
cigarette,noun,NA,NA,NA,1.6331913853723237
colors,noun,NA,NA,NA,1.12655697986115
dangerous,predicate,NA,NA,NA,0.9967726126641416
different,predicate,NA,NA,NA,1.4029581823021744
dine,predicate,NA,NA,NA,1.7215334509454958
doorbell,noun,NA,NA,NA,1.6923652312449802
drain (object),noun,NA,NA,NA,2.195704671167828
drum (object),noun,NA,NA,NA,1.0125215627131303
earring,noun,NA,NA,NA,1.5511817824150245
fat,predicate,NA,NA,NA,1.215786461204697
fire,noun,NA,NA,NA,1.2580953302194546
firewood,noun,NA,NA,NA,1.723941838131287
flower pot,noun,NA,NA,NA,2.6222642681838813
furniture,noun,NA,NA,NA,1.4857331044245163
gain,predicate,NA,NA,NA,2.059019350868179
greet,predicate,NA,NA,NA,2.0116684131933855
grill (object),noun,NA,NA,NA,1.8648556944929764
hot dog,noun,NA,NA,NA,1.3415739727838394
hurt (action),predicate,NA,NA,NA,1.9326984302859476
lemonade,noun,NA,NA,NA,0.9304096399905176
lie down,predicate,NA,NA,NA,2.2815256506561425
lower (action),predicate,NA,NA,NA,1.7897926796192911
lunch (action),predicate,NA,NA,NA,1.2147230342632065
matches,noun,NA,NA,NA,3.1019145253194145
miss,predicate,NA,NA,NA,2.53434808027696
mistake,predicate,NA,NA,NA,2.049462198827279
mustache,noun,NA,NA,NA,1.8436291407434184
ox,noun,NA,NA,NA,1.1831922356908977
painting,noun,NA,NA,NA,1.5001523423931968
patio,noun,NA,NA,NA,1.9848032370542783
peanut,noun,NA,NA,NA,1.4292123642149548
pen/pencil,noun,NA,NA,NA,1.794228758255883
photo,noun,NA,NA,NA,1.6031940474680288
pink,predicate,NA,NA,NA,0.4787787986628867
purple,predicate,NA,NA,NA,0.4508470971304221
quesadilla,noun,NA,NA,NA,1.6518559710399368
quiet (action),predicate,NA,NA,NA,2.108227272834899
rain,predicate,NA,NA,NA,1.7657606851196157
rug,noun,NA,NA,NA,1.6483602330345288
same,predicate,NA,NA,NA,1.5862616054529788
seal (animal),noun,NA,NA,NA,0.9089730564710128
silly,predicate,NA,NA,NA,1.254945142883256
skate (object),noun,NA,NA,NA,1.663434540620345
smoothie,noun,NA,NA,NA,1.9279575644869265
soil,noun,NA,NA,NA,2.1692426408235472
spider,noun,NA,NA,NA,1.0224623948036349
strong,predicate,NA,NA,NA,1.211385483108321
t-shirt,noun,NA,NA,NA,2.3752733458349784
taco,noun,NA,NA,NA,2.063193963312524
tall,predicate,NA,NA,NA,0.7804757354625904
thin,predicate,NA,NA,NA,1.1502952564695093
throat,noun,NA,NA,NA,2.0359351514780384
tie (action),predicate,NA,NA,NA,1.8369134486688048
tortilla,noun,NA,NA,NA,2.500821620113055
tough,predicate,NA,NA,NA,1.2052499971139838
turn on,predicate,NA,NA,NA,1.808968687424028
