item_id,type,category_ja,category_en,definition_ja1,definition_ja2,definition_en
item_1,first_signs,NA,NA,名前を呼ばれたとき反応する（たとえば、呼ばれた方へ顔をむけてみますか）。,名前o呼baretatoki反応suru（tatoeba、呼bareta方he顔omuketemimasuka）。,respname
item_2,first_signs,NA,NA,「ダメダメ（いけません）」に反応する（たとえば、やっていることを一瞬やめる。言った人の顔を見る）。,「damedame（ikemasen）」ni反応suru（tatoeba、yatteirukotoo一瞬yameru。言tta人no顔o見ru）。,respno
item_3,first_signs,NA,NA,「お母さん（ママ）どこ」「お父さん（パパ）どこ」と言われたとき、父母をさがして見まわす。,「o母san（mama）doko」「o父san（papa）doko」to言waretatoki、父母osagashite見mawasu。,reactmd
item_4,phrases,NA,NA,おなかすいた？,onakasuita？,
item_5,phrases,NA,NA,ねむたいの？,nemutaino？,
item_6,phrases,NA,NA,気をつけて,気otsukete,
item_7,phrases,NA,NA,シーッ、静かに,shitsu、静kani,
item_8,phrases,NA,NA,手をたたいて,手otataite,
item_9,phrases,NA,NA,おむつ（パンツ）かえようね,omutsu（pantsu）kaeyone,
item_10,phrases,NA,NA,こっちへおいで,kotchiheoide,
item_11,phrases,NA,NA,"お父さん(またはパパ,お母さん,ママ)帰ってきたよ","o父san(matahapapa,o母san,mama)帰ttekitayo",
item_12,phrases,NA,NA,もっとほしいの？,mottohoshiino？,
item_13,phrases,NA,NA,してはダメ！,shitehadame！,
item_14,phrases,NA,NA,さわってはダメ！,sawattehadame！,
item_15,phrases,NA,NA,おきなさい,okinasai,
item_16,phrases,NA,NA,おかあさん（ママ）にチョウダイ,okaasan（mama）nichodai,
item_17,phrases,NA,NA,だっこして,dakkoshite,
item_18,phrases,NA,NA,キスして,kisushite,
item_19,phrases,NA,NA,～をとってきて,～otottekite,
item_20,phrases,NA,NA,いい子ね,ii子ne,
item_21,phrases,NA,NA,じっとしてなさい,jittoshitenasai,
item_22,phrases,NA,NA,バイバイして,baibaishite,
item_23,phrases,NA,NA,こっちをみて,kotchiomite,
item_24,phrases,NA,NA,お口をあけて,o口oakete,
item_25,phrases,NA,NA,すわって,suwatte,
item_26,phrases,NA,NA,お口のものをだして,o口nomonoodashite,
item_27,phrases,NA,NA,やめなさい,yamenasai,
item_28,phrases,NA,NA,ねんねする時間よ,nennesuru時間yo,
item_29,phrases,NA,NA,ボールなげて,borunagete,
item_30,phrases,NA,NA,おつむてんてん,otsumutenten,
item_31,phrases,NA,NA,自転車のりたいの？,自転車noritaino？,
item_32,starting_to_talk,NA,NA,子どもの中には、聞いたことをまねしたり、おうむ返しに言ったりするのが好きな子がいます。たとえば”パパカイシャいくよ”とおかあさんが言ったあとで”パパ”とか”カイシャ”とか”パパカイシャ”とかくり返すような例です。お子さんはどの程度まねをしますか。,子domono中niha、聞itakotoomaneshitari、omu返shini言ttarisurunoga好kina子gaimasu。tatoeba”papakaishaikuyo”tokaasanga言ttaatode”papa”toka”kaisha”toka”papakaisha”tokakuri返suyona例desu。o子sanhadono程度maneoshimasuka。,imitate
item_33,starting_to_talk,NA,NA,子どもの中には、名前を知っているのを得意に思って物の名前を言ってまわるのが好きな子がいます。お子さんはどの程度それをしますか。,子domono中niha、名前o知tteirunoo得意ni思tte物no名前o言ttemawarunoga好kina子gaimasu。o子sanhadono程度soreoshimasuka。,label
item_34,word,幼児語,sounds,あーあっ（よくないこと）,Aaa,Oh_no
item_35,word,幼児語,sounds,アイタ（いたい）,Aita,Ouch
item_36,word,幼児語,sounds,オイチィ（美味しい）,Oichii,Yummy 
item_37,word,幼児語,sounds,ガーガー（アヒル）,Gaagaa,Quack_quack
item_38,word,幼児語,sounds,ガオー（ライオン）,Gaoo,Roar
item_39,word,幼児語,sounds,こけこっこー（にわとり）,Kokekokko,Cock_a_doodle_doo
item_40,word,幼児語,sounds,シュポッポー（汽車）,Syupoppoo,Choo-choo
item_41,word,幼児語,sounds,ニャンニャン（ネコ）,Nyannyan,Meow
item_42,word,幼児語,sounds,ブーブー（車）,Buubuu,Broom_broom
item_43,word,幼児語,sounds,メーメー（ヤギ）,Meemee,Baa_baa
item_44,word,幼児語,sounds,モー（牛）,Moo,Moo
item_45,word,幼児語,sounds,ワンワン（犬）,Wanwan,Bowwow
item_46,word,動物の名前,animals,アヒル,Ahiru,Duck
item_47,word,動物の名前,animals,アリ,Ari,Ant
item_48,word,動物の名前,animals,犬,Inu,Dog
item_49,word,動物の名前,animals,うさぎ,Usagi,Rabbit
item_50,word,動物の名前,animals,牛,Ushi,Cow
item_51,word,動物の名前,animals,うま,Uma,Horse
item_52,word,動物の名前,animals,カエル,Kaeru,Frog
item_53,word,動物の名前,animals,かに,Kani,Crab
item_54,word,動物の名前,animals,カバ,Kaba,Hippopotamus
item_55,word,動物の名前,animals,かめ,Kame,Turtle
item_56,word,動物の名前,animals,カラス,Karasu,Crow
item_57,word,動物の名前,animals,きりん,Kirin,Giraffe 
item_58,word,動物の名前,animals,くま,Kuma,Bear
item_59,word,動物の名前,animals,コアラ,Koara,Koala
item_60,word,動物の名前,animals,さかな,Sakana,Fish
item_61,word,動物の名前,animals,さる,Saru,Monkey
item_62,word,動物の名前,animals,しまうま,Shimauma,Zebra
item_63,word,動物の名前,animals,ぞう,Zou,Elephant
item_64,word,動物の名前,animals,チョウチョ,Choucho,Butterfly
item_65,word,動物の名前,animals,どうぶつ,Doubutsu,Animal
item_66,word,動物の名前,animals,トラ,Tora,Tiger
item_67,word,動物の名前,animals,とり,Tori,Bird
item_68,word,動物の名前,animals,にわとり,Niwatori,Chicken
item_69,word,動物の名前,animals,ねこ,Neko,Cat
item_70,word,動物の名前,animals,ねずみ,Nezumi,Mouse
item_71,word,動物の名前,animals,はち,Hachi,Bee
item_72,word,動物の名前,animals,はと,Hato,Pigeon
item_73,word,動物の名前,animals,パンダ,Panda,Panda
item_74,word,動物の名前,animals,ひよこ,Hiyoko,Chick
item_75,word,動物の名前,animals,ぶた,Buta,Pig
item_76,word,動物の名前,animals,へび,Hebi,Snake
item_77,word,動物の名前,animals,ペンギン,Pengin,Penguin
item_78,word,動物の名前,animals,虫,Mushi,Insect
item_79,word,動物の名前,animals,ライオン,Raion,Lion
item_80,word,動物の名前,animals,りす,Risu,Squirrel
item_81,word,動物の名前,animals,ワニ,Wani,Crocodile
item_82,word,乗り物,vehicles,汽車,Kisya,Locomotive
item_83,word,乗り物,vehicles,車（自動車）,Kuruma,Car
item_84,word,乗り物,vehicles,自転車,Jitensya,Bicycle
item_85,word,乗り物,vehicles,電車,Densya,Train
item_86,word,乗り物,vehicles,トラック,Torakku,Truck
item_87,word,乗り物,vehicles,バス,Basu,Bus
item_88,word,乗り物,vehicles,パトカー,Patokaa,Police_car
item_89,word,乗り物,vehicles,飛行機,Hikouki,Airplane
item_90,word,乗り物,vehicles,船,Fune,Ship
item_91,word,おもちゃ,toys,絵本,Ehon,Picture_book
item_92,word,おもちゃ,toys,えんぴつ,Enpitsu,Pencil
item_93,word,おもちゃ,toys,おもちゃ,Omocha,Toy
item_94,word,おもちゃ,toys,つみき,Tsumiki,Building_blocks
item_95,word,おもちゃ,toys,人形,Ningyoo,Doll
item_96,word,おもちゃ,toys,風船,Fuusen,Balloon
item_97,word,おもちゃ,toys,ボール,Booru,Ball
item_98,word,おもちゃ,toys,本,Hon,Book
item_99,word,食べ物と飲み物,food_drink,アイスクリーム,Aisukuriimu,Ice_cream
item_100,word,食べ物と飲み物,food_drink,あめ（飴）,Ame,Candy
item_101,word,食べ物と飲み物,food_drink,いちご（苺）,Ichigo,Strawberry
item_102,word,食べ物と飲み物,food_drink,うどん,Udon,Udon
item_103,word,食べ物と飲み物,food_drink,おにぎり・おむすび,Onigiri_omusubi,Rice_ball
item_104,word,食べ物と飲み物,food_drink,お茶,Ocha,Tea
item_105,word,食べ物と飲み物,food_drink,カレー,Karee,Curry
item_106,word,食べ物と飲み物,food_drink,牛乳,Gyuunyuu,Milk
item_107,word,食べ物と飲み物,food_drink,ケーキ,Keeki,Cake
item_108,word,食べ物と飲み物,food_drink,ごはん（お米のこと）,Gohan,Rice
item_109,word,食べ物と飲み物,food_drink,さかな,Sakana,Fish
item_110,word,食べ物と飲み物,food_drink,ジュース,Juusu,Juice
item_111,word,食べ物と飲み物,food_drink,すいか,Suika,Watermelon
item_112,word,食べ物と飲み物,food_drink,たまご,Tamago,Egg
item_113,word,食べ物と飲み物,food_drink,チーズ,Chiizu,Cheese
item_114,word,食べ物と飲み物,food_drink,とうふ（豆腐）,Toufu,Tofu
item_115,word,食べ物と飲み物,food_drink,トマト,Tomato,Tomato
item_116,word,食べ物と飲み物,food_drink,肉,Niku,Meat
item_117,word,食べ物と飲み物,food_drink,にんじん,Ninjin,Carrot
item_118,word,食べ物と飲み物,food_drink,バナナ,Banana,Banana
item_119,word,食べ物と飲み物,food_drink,パン,Pan,Bread
item_120,word,食べ物と飲み物,food_drink,ぶどう,Budou,Grape
item_121,word,食べ物と飲み物,food_drink,プリン,Purin,Pudding
item_122,word,食べ物と飲み物,food_drink,豆,Mame,Bean
item_123,word,食べ物と飲み物,food_drink,みかん,Mikan,Orange
item_124,word,食べ物と飲み物,food_drink,水,Mizu,Water
item_125,word,食べ物と飲み物,food_drink,みそしる,Misoshiru,Miso_soup
item_126,word,食べ物と飲み物,food_drink,ミルク,Miruku,Milk
item_127,word,食べ物と飲み物,food_drink,もも,Momo,Peach
item_128,word,食べ物と飲み物,food_drink,リンゴ,Ringo,Apple
item_129,word,衣類,clothing,エプロン,Epuron,Apron
item_130,word,衣類,clothing,オーバー,Oobaa,Overcoat
item_131,word,衣類,clothing,おむつ,Omutsu,Diaper
item_132,word,衣類,clothing,くつ,Kutsu,Shoes
item_133,word,衣類,clothing,くつ下,Kutsushita,Socks
item_134,word,衣類,clothing,ジーパン,Jiipan,Jeans
item_135,word,衣類,clothing,シャツ,Syatsu,Shirt
item_136,word,衣類,clothing,ジャンパー,Janpaa,Jacket
item_137,word,衣類,clothing,スカート,Sukaato,Skirt
item_138,word,衣類,clothing,ズボン,Zubon,Pants
item_139,word,衣類,clothing,てぶくろ,Tebukuro,Gloves
item_140,word,衣類,clothing,長ぐつ,Nagagutsu,Boots
item_141,word,衣類,clothing,パジャマ,Pajama,Pajama
item_142,word,衣類,clothing,パンツ,Pantsu,Shorts
item_143,word,衣類,clothing,ベルト,Beruto,Belt
item_144,word,衣類,clothing,ぼうし,Boushi,Hat
item_145,word,衣類,clothing,ボタン,Botan,Button
item_146,word,衣類,clothing,洋服,Youfuku,Clothes
item_147,word,衣類,clothing,リボン,Ribon,Ribbon
item_148,word,体の部分,body_parts,足,Ashi,Leg
item_149,word,体の部分,body_parts,あたま,Atama,Head
item_150,word,体の部分,body_parts,おしり,Oshiri,Buttocks
item_151,word,体の部分,body_parts,おチンチン,Ochinchin,Penis
item_152,word,体の部分,body_parts,おっぱい,Oppai,Breasts
item_153,word,体の部分,body_parts,おなか,Onaka,Stomach
item_154,word,体の部分,body_parts,おへそ,Oheso,Navel
item_155,word,体の部分,body_parts,顔,Kao,Face
item_156,word,体の部分,body_parts,かみ（髪）,Kami,Hair
item_157,word,体の部分,body_parts,くち,Kuchi,Mouth
item_158,word,体の部分,body_parts,しっぽ,Shippo,Tail
item_159,word,体の部分,body_parts,つめ,Tsume,Nail
item_160,word,体の部分,body_parts,手,Te,Hand
item_161,word,体の部分,body_parts,歯,Ha,Tooth
item_162,word,体の部分,body_parts,鼻,Hana,Nose
item_163,word,体の部分,body_parts,舌（べろ）,Shita_bero,Tongue
item_164,word,体の部分,body_parts,ほっぺ,Hoppe,Cheek
item_165,word,体の部分,body_parts,耳,Mimi,Ear
item_166,word,体の部分,body_parts,目,Me,Eye
item_167,word,体の部分,body_parts,指,Yubi,Finger
item_168,word,家具と部屋,furniture_rooms,いす,Isu,Chair
item_169,word,家具と部屋,furniture_rooms,おふろ（風呂場）,Ofuro,Bath
item_170,word,家具と部屋,furniture_rooms,おまる,Omaru,Potty
item_171,word,家具と部屋,furniture_rooms,カーテン,Kaaten,Curtain
item_172,word,家具と部屋,furniture_rooms,階段,Kaidan,Stairs
item_173,word,家具と部屋,furniture_rooms,玄関,Genkan,Entrance
item_174,word,家具と部屋,furniture_rooms,シャワー,Syawaa,Shower
item_175,word,家具と部屋,furniture_rooms,ストーブ,Sutoobu,Stove
item_176,word,家具と部屋,furniture_rooms,扇風機,Senpuuki,Fan
item_177,word,家具と部屋,furniture_rooms,台所,Daidokoro,Kitchen
item_178,word,家具と部屋,furniture_rooms,タンス,Tansu,Wardrobe
item_179,word,家具と部屋,furniture_rooms,机,Tsukue,Desk
item_180,word,家具と部屋,furniture_rooms,テーブル,Teeburu,Table
item_181,word,家具と部屋,furniture_rooms,テレビ,Terebi,Television
item_182,word,家具と部屋,furniture_rooms,電気,Denki,Light
item_183,word,家具と部屋,furniture_rooms,ドア,Doa,Door
item_184,word,家具と部屋,furniture_rooms,トイレ,Toire,Toilet
item_185,word,家具と部屋,furniture_rooms,ピアノ,Piano,Piano
item_186,word,家具と部屋,furniture_rooms,ひきだし,Hikidashi,Drawer
item_187,word,家具と部屋,furniture_rooms,ビデオ,Bideo,Video
item_188,word,家具と部屋,furniture_rooms,ベッド,Beddo,Bed
item_189,word,家具と部屋,furniture_rooms,部屋,Heya,Room
item_190,word,家具と部屋,furniture_rooms,窓,Mado,Window
item_191,word,家具と部屋,furniture_rooms,冷蔵庫,Reizouko,Refrigerator
item_192,word,小さな家庭用品,household,絵,E,Picture
item_193,word,小さな家庭用品,household,お金,Okane,Money
item_194,word,小さな家庭用品,household,お皿,Osara,dish
item_195,word,小さな家庭用品,household,かぎ（鍵）,Kagi,Key
item_196,word,小さな家庭用品,household,かさ,Kasa,Umbrella
item_197,word,小さな家庭用品,household,かばん,Kaban,Bag
item_198,word,小さな家庭用品,household,かみ（紙）,Kami,Paper
item_199,word,小さな家庭用品,household,カメラ,Kamera,Camera
item_200,word,小さな家庭用品,household,くし,Kushi,Comb
item_201,word,小さな家庭用品,household,くすり,Kusuri,Medicine
item_202,word,小さな家庭用品,household,コップ,Koppu,Cup
item_203,word,小さな家庭用品,household,ごみ箱,Gomibako,Trash_box
item_204,word,小さな家庭用品,household,財布,Saifu,Wallet
item_205,word,小さな家庭用品,household,シャンプー,Syanpuu,Shampoo
item_206,word,小さな家庭用品,household,スプーン,Supuun,Spoon
item_207,word,小さな家庭用品,household,スリッパ,Surippa,Slippers
item_208,word,小さな家庭用品,household,石鹸,Sekken,Soap
item_209,word,小さな家庭用品,household,そうじ機,Soujiki,Vacuum_cleaner
item_210,word,小さな家庭用品,household,タオル,Taoru,Towel
item_211,word,小さな家庭用品,household,茶わん,Chawan,Bowl
item_212,word,小さな家庭用品,household,ティッシュ,Tissyu,Tissue
item_213,word,小さな家庭用品,household,電池,Denchi,Battery
item_214,word,小さな家庭用品,household,でんわ,Denwa,Phone
item_215,word,小さな家庭用品,household,時計,Tokei,Clock
item_216,word,小さな家庭用品,household,バケツ,Baketsu,Bucket
item_217,word,小さな家庭用品,household,はこ,Hako,Box
item_218,word,小さな家庭用品,household,はさみ,Hasami,Scissors
item_219,word,小さな家庭用品,household,はし,Hashi,Chopsticks
item_220,word,小さな家庭用品,household,ハンカチ,Hankachi,Handkerchief
item_221,word,小さな家庭用品,household,歯ブラシ,Haburashi,Toothbrush
item_222,word,小さな家庭用品,household,フォーク,Fwooku,Fork
item_223,word,小さな家庭用品,household,ふとん,Futon,Futon
item_224,word,小さな家庭用品,household,ほうき,Houki,Broom
item_225,word,小さな家庭用品,household,枕,Makura,Pillow
item_226,word,小さな家庭用品,household,めがね,Megane,Glasses
item_227,word,小さな家庭用品,household,毛布,Moufu,Blanket
item_228,word,戸外の物と場所,outside,雨,Ame,Rain
item_229,word,戸外の物と場所,outside,家,Ie,House
item_230,word,戸外の物と場所,outside,海,Umi,Sea
item_231,word,戸外の物と場所,outside,おうち,Ouchi,House
item_232,word,戸外の物と場所,outside,お仕事,Oshigoto,Job
item_233,word,戸外の物と場所,outside,おそと,Osoto,Outside
item_234,word,戸外の物と場所,outside,お月さん,Otsukisan,Moon
item_235,word,戸外の物と場所,outside,おひさま,Ohisama,Sun
item_236,word,戸外の物と場所,outside,お店,Omise,Shop
item_237,word,戸外の物と場所,outside,会社,Kaisya,Company
item_238,word,戸外の物と場所,outside,学校,Gakkou,School
item_239,word,戸外の物と場所,outside,川,Kawa,River
item_240,word,戸外の物と場所,outside,木,Ki,Tree
item_241,word,戸外の物と場所,outside,公園,Kouen,Park
item_242,word,戸外の物と場所,outside,スコップ,Sukoppu,Scoop
item_243,word,戸外の物と場所,outside,砂場,Sunaba,Sandpit
item_244,word,戸外の物と場所,outside,すべり台,Suberidai,Slide
item_245,word,戸外の物と場所,outside,空,Sora,Sky
item_246,word,戸外の物と場所,outside,動物園,Doubutsuen,Zoo
item_247,word,戸外の物と場所,outside,庭,Niwa,Garden
item_248,word,戸外の物と場所,outside,はっぱ,Happa,Leaf
item_249,word,戸外の物と場所,outside,花,Hana,Flower
item_250,word,戸外の物と場所,outside,プール,Puuru,Pool
item_251,word,戸外の物と場所,outside,ブランコ,Buranko,Swing
item_252,word,戸外の物と場所,outside,保育所,Hoikujyo,Nursery_school
item_253,word,戸外の物と場所,outside,星,Hoshi,Star
item_254,word,戸外の物と場所,outside,雪,Yuki,Snow
item_255,word,人々,people,赤ちゃん,Akachan,Baby
item_256,word,人々,people,運転手,Untensyu,Driver
item_257,word,人々,people,お母さん,Okaasan,Mother
item_258,word,人々,people,おじいさん,Ojiisan,Grandfather
item_259,word,人々,people,おじさん,Ojisan,Uncle
item_260,word,人々,people,お父さん,Otousan,Father
item_261,word,人々,people,おともだち,Otomodachi,Friend
item_262,word,人々,people,お兄さん,Oniisan,Older_brother
item_263,word,人々,people,お姉さん,Oneesan,Older_sister
item_264,word,人々,people,おばあさん,Obaasan,Grandmother
item_265,word,人々,people,おばさん,Obasan,Aunt
item_266,word,人々,people,キャラクターの名前（アンパンマン等）,Particular_character_name,Particular_character_name
item_267,word,人々,people,きょうだいの名前,Particular_sibling_name,Particular_sibling_name
item_268,word,人々,people,こども,Kodomo,Child
item_269,word,人々,people,自分の名前,Own_name,Own_name
item_270,word,人々,people,せんせい,Sensei,Teacher
item_271,word,人々,people,友だちの名前,Particular_friend_name,Particular_friend_name
item_272,word,人々,people,パパ,Papa,Daddy
item_273,word,人々,people,人,Hito,People
item_274,word,人々,people,ママ,Mama,Mom
item_275,word,日課とあいさつ,games_routines,ありがとう,Arigatou,Thank_you
item_276,word,日課とあいさつ,games_routines,いただきます,Itadakimasu,Let’s_eat
item_277,word,日課とあいさつ,games_routines,いってらっしゃい,Itterassyai,Have_a_good_day
item_278,word,日課とあいさつ,games_routines,（イナイイナイ）バー,Inaiinaibaa,peekaboo
item_279,word,日課とあいさつ,games_routines,うんち,Unchi,Poop
item_280,word,日課とあいさつ,games_routines,おしっこ,Oshikko,Pee
item_281,word,日課とあいさつ,games_routines,おしまい,Oshimai,End
item_282,word,日課とあいさつ,games_routines,おはよう,Ohayou,Good_morning
item_283,word,日課とあいさつ,games_routines,おふろ（入浴）,Ofuro,Bath
item_284,word,日課とあいさつ,games_routines,おやすみ,Oyasumi,Good_night
item_285,word,日課とあいさつ,games_routines,ごちそうさま,Gochisousama,Thank_you_for_the_meal
item_286,word,日課とあいさつ,games_routines,ごはん（食事）,Gohan,meal
item_287,word,日課とあいさつ,games_routines,ごめんなさい,Gomennasai,sorry
item_288,word,日課とあいさつ,games_routines,こんにちは,Konnichiwa,Hello
item_289,word,日課とあいさつ,games_routines,だめ,Dame,No_good
item_290,word,日課とあいさつ,games_routines,ちょうだい,Choudai,Give_me
item_291,word,日課とあいさつ,games_routines,どうぞ,Douzo,Here_you_are
item_292,word,日課とあいさつ,games_routines,はい,Hai,Yes
item_293,word,日課とあいさつ,games_routines,バイバイ,Baibai,Bye_bye
item_294,word,動作語,action_words,あがる,Agaru,Go_up 
item_295,word,動作語,action_words,あける（開ける）,Akeru,Open
item_296,word,動作語,action_words,あげる,Ageru,Rise
item_297,word,動作語,action_words,あそぶ（遊ぶ）,Asobu,Play
item_298,word,動作語,action_words,あらう（洗う）,Arau,Wash
item_299,word,動作語,action_words,ある,Aru,Exist
item_300,word,動作語,action_words,あるく（歩く）,Aruku,Walk
item_301,word,動作語,action_words,行く,Iku,Go
item_302,word,動作語,action_words,いる（居る）,Iru,Be_there
item_303,word,動作語,action_words,いれる（入れる）,Ireru,Put_in
item_304,word,動作語,action_words,うたう（歌う）,Utau,Sing
item_305,word,動作語,action_words,おきる（起きる）,Okiru,Get_up
item_306,word,動作語,action_words,おく（置く）,Oku,Put
item_307,word,動作語,action_words,おこる（怒る）,Okoru,Get_angry
item_308,word,動作語,action_words,おちる（落ちる）,Ochiru,Fall
item_309,word,動作語,action_words,おりる（降りる）,Oriru,Get_off
item_310,word,動作語,action_words,かえる（帰る）,Kaeru,Go_home
item_311,word,動作語,action_words,かく（書く）,Kaku,Write
item_312,word,動作語,action_words,かす（貸す）,Kasu,Lend
item_313,word,動作語,action_words,かたづける,Katazukeru,Clean_up
item_314,word,動作語,action_words,きる（着る）,Kiru,Wear
item_315,word,動作語,action_words,くる（来る）,Kuru,Come
item_316,word,動作語,action_words,こぼす,Kobosu,Spill
item_317,word,動作語,action_words,ころぶ,Korobu,Fall
item_318,word,動作語,action_words,しめる（閉める）,Shimeru,Close
item_319,word,動作語,action_words,すき（好き）,Suki,Like
item_320,word,動作語,action_words,捨てる,Suteru,Throw_away
item_321,word,動作語,action_words,する,Suru,Do
item_322,word,動作語,action_words,すわる,Suwaru,Sit
item_323,word,動作語,action_words,だく（抱く）,Daku,Hug
item_324,word,動作語,action_words,たたく,Tataku,Hit
item_325,word,動作語,action_words,たつ（立つ）,Tatsu,Stand
item_326,word,動作語,action_words,たべる（食べる）,Taberu,Eat
item_327,word,動作語,action_words,できる（出来る）,Dekiru,Can_do
item_328,word,動作語,action_words,でる（出る）,Deru,Get_out
item_329,word,動作語,action_words,とる（取る）,Toru,Take
item_330,word,動作語,action_words,なく（泣く）,Naku,Cry
item_331,word,動作語,action_words,なげる（投げる）,Nageru,Throw
item_332,word,動作語,action_words,ぬぐ（脱ぐ）,Nugu,Take_off
item_333,word,動作語,action_words,ねる（寝る）,Neru,Sleep
item_334,word,動作語,action_words,のむ（飲む）,Nomu,Drink
item_335,word,動作語,action_words,のる（乗る）,Noru,Get_on
item_336,word,動作語,action_words,はいる（入る）,Hairu,Enter
item_337,word,動作語,action_words,はく（履く）,Haku,Wear
item_338,word,動作語,action_words,ふく（拭く）,Fuku,Wipe
item_339,word,動作語,action_words,ほしい,Hoshii,Want
item_340,word,動作語,action_words,まつ（待つ）,Matsu,Wait
item_341,word,動作語,action_words,みせる,Miseru,Show
item_342,word,動作語,action_words,みる（見る）,Miru,Look
item_343,word,動作語,action_words,もつ（持つ）,Motsu,Have
item_344,word,動作語,action_words,持ってくる,Mottekuru,Bring_up
item_345,word,動作語,action_words,やめる,Yameru,Stop
item_346,word,動作語,action_words,やる,Yaru,Do
item_347,word,動作語,action_words,よむ（読む）,Yomu,Read
item_348,word,動作語,action_words,わらう（笑う）,Warau,Laugh
item_349,word,時間についてのことば,time_words,あさ,Asa,Morning
item_350,word,時間についてのことば,time_words,あとで,Atode,Later
item_351,word,時間についてのことば,time_words,いま,Ima,Now
item_352,word,時間についてのことば,time_words,きょう,Kyou,Today
item_353,word,時間についてのことば,time_words,さっき,Sakki,A_moment_ago
item_354,word,時間についてのことば,time_words,ひる,Hiru,Daytime
item_355,word,時間についてのことば,time_words,まだ,Mada,Yet
item_356,word,時間についてのことば,time_words,よる,Yoru,Night
item_357,word,ようす・性質,descriptive_words,赤い,Akai,Red
item_358,word,ようす・性質,descriptive_words,あつい（暑い、熱い）,Atsui,Hot
item_359,word,ようす・性質,descriptive_words,あまい,Amai,Sweet
item_360,word,ようす・性質,descriptive_words,いい,Ii,Good
item_361,word,ようす・性質,descriptive_words,いたい,Itai,Painful
item_362,word,ようす・性質,descriptive_words,うるさい,Urusai,Noisy
item_363,word,ようす・性質,descriptive_words,うれしい,Ureshii,Glad
item_364,word,ようす・性質,descriptive_words,おいしい,Oishii,Delicious
item_365,word,ようす・性質,descriptive_words,重い,Omoi,Heavy
item_366,word,ようす・性質,descriptive_words,おりこう,Orikou,Clever
item_367,word,ようす・性質,descriptive_words,かゆい,Kayui,Itchy
item_368,word,ようす・性質,descriptive_words,からい,Karai,Spicy
item_369,word,ようす・性質,descriptive_words,からっぽ,Karappo,Empty
item_370,word,ようす・性質,descriptive_words,かわいい,Kawaii,Cute
item_371,word,ようす・性質,descriptive_words,かわいそう,Kawaisou,Pity
item_372,word,ようす・性質,descriptive_words,きたない,Kitanai,Dirty
item_373,word,ようす・性質,descriptive_words,きらい,Kirai,Dislike
item_374,word,ようす・性質,descriptive_words,きれい,Kirei,Clean
item_375,word,ようす・性質,descriptive_words,くさい,Kusai,Odor
item_376,word,ようす・性質,descriptive_words,くらい（暗い）,Kurai,Dark
item_377,word,ようす・性質,descriptive_words,こわい,Kowai,Scary
item_378,word,ようす・性質,descriptive_words,寒い,Samui,Cold
item_379,word,ようす・性質,descriptive_words,しずか,Shizuka,Quiet
item_380,word,ようす・性質,descriptive_words,じょうず,Jyouzu,Good
item_381,word,ようす・性質,descriptive_words,すっぱい,Suppai,Sour
item_382,word,ようす・性質,descriptive_words,だいじ,Daiji,Important
item_383,word,ようす・性質,descriptive_words,だいじょうぶ（大丈夫）,Daijoubu,All_right
item_384,word,ようす・性質,descriptive_words,高い,Takai,High
item_385,word,ようす・性質,descriptive_words,小さい,Chiisai,Small
item_386,word,ようす・性質,descriptive_words,ちがう,Chigau,Wrong
item_387,word,ようす・性質,descriptive_words,つめたい,Tsumetai,Cold
item_388,word,ようす・性質,descriptive_words,ない,Nai,None
item_389,word,ようす・性質,descriptive_words,ぬれた,Nureta,Wet
item_390,word,ようす・性質,descriptive_words,ねむい,Nemui,Sleepy
item_391,word,ようす・性質,descriptive_words,はやい,Hayai,Fast
item_392,word,ようす・性質,descriptive_words,丸い,Marui,Round
item_393,word,ようす・性質,descriptive_words,悪い,Warui,Bad
item_394,word,代名詞,pronouns,あそこ,Asoko,Overthere
item_395,word,代名詞,pronouns,あっち,Acchi,There
item_396,word,代名詞,pronouns,あれ,Are,That
item_397,word,代名詞,pronouns,ここ,Koko,Here
item_398,word,代名詞,pronouns,こっち,Kocchi,Here
item_399,word,代名詞,pronouns,これ,kore,This
item_400,word,代名詞,pronouns,そこ,Soko,There
item_401,word,代名詞,pronouns,そっち,Socchi,there
item_402,word,代名詞,pronouns,それ,Sore,It
item_403,word,代名詞,pronouns,ぼく,Boku,I
item_404,word,代名詞,pronouns,わたし,Watashi,I
item_405,word,質問のことば,question_words,だれ,Dare,Who
item_406,word,質問のことば,question_words,どこ,Doko,Where
item_407,word,質問のことば,question_words,どっち,Docchi,Which
item_408,word,質問のことば,question_words,どれ,Dore,Which_one
item_409,word,質問のことば,question_words,なに,Nani,What
item_410,word,質問のことば,question_words,なんで,Nande,Why
item_411,word,位置と場所についてのことば,locations,うえ,Ue,Up
item_412,word,位置と場所についてのことば,locations,うしろ,Ushiro,Behind
item_413,word,位置と場所についてのことば,locations,した,Shita,Under
item_414,word,位置と場所についてのことば,locations,そと,Soto,Outside
item_415,word,位置と場所についてのことば,locations,ところ・とこ,Tokoro_toko,Place
item_416,word,位置と場所についてのことば,locations,なか,Naka,Center
item_417,word,位置と場所についてのことば,locations,反対,Hantai,Opposite
item_418,word,位置と場所についてのことば,locations,まえ,Mae,Before
item_419,word,位置と場所についてのことば,locations,まん中,Mannaka,Middle
item_420,word,位置と場所についてのことば,locations,むこう,Mukou,Over_there
item_421,word,位置と場所についてのことば,locations,よこ,Yoko,Beside
item_422,word,数量を表すことば,quantifiers,いっしょ,Issho,Together
item_423,word,数量を表すことば,quantifiers,いっぱい,Ippai,Full
item_424,word,数量を表すことば,quantifiers,なし,Nashi,None
item_425,word,数量を表すことば,quantifiers,ひとつ,Hitotsu,One
item_426,word,数量を表すことば,quantifiers,みんな,Minna,Everyone
item_427,word,数量を表すことば,quantifiers,もういっかい,Mouikkai,Again
item_428,word,数量を表すことば,quantifiers,もうひとつ・もひとつ,Mouhitotsu_mohitotsu,Another
item_429,word,数量を表すことば,quantifiers,もっと,Motto,More
item_430,word,幼児語（その２）,sounds2,エンエン（泣く）,Enen,Cry
item_431,word,幼児語（その２）,sounds2,おてて（お手々）,Otete,Hand
item_432,word,幼児語（その２）,sounds2,おんぶ,Onbu,Piggyback_ride
item_433,word,幼児語（その２）,sounds2,カーカー（カラス）,Kaakaa,Caw_caw
item_434,word,幼児語（その２）,sounds2,きれいきれい,Kireikirei,Clean_up
item_435,word,幼児語（その２）,sounds2,クック（靴）,Kukku,Shose
item_436,word,幼児語（その２）,sounds2,ぐるぐる,Guruguru,Spin
item_437,word,幼児語（その２）,sounds2,ごっつん,Gottsun,Hit_head
item_438,word,幼児語（その２）,sounds2,ジャー（水などこぼす時）,Jaa,Spill_water
item_439,word,幼児語（その２）,sounds2,ジージ・ジジ（祖父）,Jiiji_Jiji,Grandfather
item_440,word,幼児語（その２）,sounds2,ジージ（字）,Jiiji,Writing
item_441,word,幼児語（その２）,sounds2,シーシ（おしっこ）,Shiishi,Pee
item_442,word,幼児語（その２）,sounds2,タイタイ・おとと（魚）,Taitai_Ototo,Fish
item_443,word,幼児語（その２）,sounds2,だっこ,Dakko,Hold_me
item_444,word,幼児語（その２）,sounds2,ちゃんこ（おすわり）,Chanko,Sitting
item_445,word,幼児語（その２）,sounds2,チューチュー（ねずみ）,Cyuucyuu,Squeak
item_446,word,幼児語（その２）,sounds2,チュンチュン（鳥）,Cyuncyun,Little_bird
item_447,word,幼児語（その２）,sounds2,チョキチョキ（はさみ）,Chokichoki,Scissors
item_448,word,幼児語（その２）,sounds2,ないない（片づけ）,Nainai,Clean_up
item_449,word,幼児語（その２）,sounds2,ネンネ,Nenne,Sleep
item_450,word,幼児語（その２）,sounds2,バーバ・ババ（祖母）,Baaba_baba,Grandmother
item_451,word,幼児語（その２）,sounds2,パカパカ（馬）,Pakapaka,Horse
item_452,word,幼児語（その２）,sounds2,パクパク（食べる時）,Pakupaku,Eat
item_453,word,幼児語（その２）,sounds2,ぴよぴよ（ひよこ）,Piyopiyo,Chirp
item_454,word,幼児語（その２）,sounds2,ブーブー（豚）,Buubuu,Oink
item_455,word,幼児語（その２）,sounds2,ブーン（飛行機）,Buun,Airplane
item_456,word,幼児語（その２）,sounds2,ポーン（投げる）,Poon,Throw
item_457,word,幼児語（その２）,sounds2,ポンポン（おなか）,Ponpon,Stomach
item_458,word,幼児語（その２）,sounds2,マンマ（食べ物）,Manma,Food
item_459,word,会話語,conversations,あっ,At,Ah
item_460,word,会話語,conversations,あのね,Anone,Well
item_461,word,会話語,conversations,あれっ・あら,Aret_ara,What?
item_462,word,会話語,conversations,いいよ,Iiyo,OK
item_463,word,会話語,conversations,いや,Iya,Disagreeable
item_464,word,会話語,conversations,ううん（打ち消し）,Uun,No
item_465,word,会話語,conversations,うん（返事として）,Un,Yup
item_466,word,会話語,conversations,えっと・ええと,Etto_eeto,Um
item_467,word,会話語,conversations,そうそう,Sousou,Oh_yeah
item_468,word,会話語,conversations,ねえ,Nee,Hey
item_469,word,会話語,conversations,ほら,Hora,You_see
item_470,word,会話語,conversations,もしもし,Moshimoshi,Hello
item_471,word,会話語,conversations,やだ・いやだ,Yada_iyada,No
item_472,word,会話語,conversations,ん（間をとるのに）,N,Hmm
item_473,word,その他,others,あった（見つけた時に）,Atta,Found_it
item_474,word,その他,others,おいで,Oide,Come_here
item_475,word,その他,others,カンパーイ（乾杯）,Kanpaai,Cheers
item_476,word,その他,others,こんど,Kondo,Next_time
item_477,word,その他,others,しまう,Shimau,Store
item_478,word,その他,others,また,Mata,Also
item_479,word,その他,others,もう,Mou,Already
item_480,word,その他,others,よいしょ,Yoisho,Heave_ho
item_481,word,その他,others,よしよし,Yoshiyoshi,There_there
item_482,gestures_first,NA,NA,自分がもっているものを、さしだして、みせる。,自分gamotteirumonoo、sashidashite、miseru。,armshow
item_483,gestures_first,NA,NA,自分が持っているおもちゃや物を、手わたしする。,自分ga持tteiruomochaya物o、手watashisuru。,reachout
item_484,gestures_first,NA,NA,おもしろいものや目についた物を、指さして知らせる。,omoshiroimonoya目nitsuita物o、指sashite知raseru。,points
item_485,gestures_first,NA,NA,人がでかけようとすると、自分からバイバイする。,人gadekakeyotosuruto、自分karabaibaisuru。,waves
item_486,gestures_first,NA,NA,だっこしてほしくて、腕をのばす。,dakkoshitehoshikute、腕onobasu。,pickup
item_487,gestures_first,NA,NA,頭をふって、「いやいや」をする。,頭ofutte、「iyaiya」osuru。,shakhead
item_488,gestures_first,NA,NA,うなずいて、「はい」をする。,unazuite、「hai」osuru。,nodhead
item_489,gestures_first,NA,NA,唇に指を当てて、「しーっ」の身ぶりをする。,唇ni指o当tete、「shitsu」no身buriosuru。,showhush
item_490,gestures_first,NA,NA,腕をのばして、手を動かして、物をほしがる。,腕onobashite、手o動kashite、物ohoshigaru。,request
item_491,gestures_first,NA,NA,あいさつにおじぎをする。,aisatsuniojigiosuru。,blowkiss
item_492,gestures_first,NA,NA,おいしい物を食べたとき、「ぱくぱく」する。,oishii物o食betatoki、「pakupaku」suru。,smacklip
item_493,gestures_first,NA,NA,首をかしげて、「無くなった」「どっかいっちゃった」などを表現する。,首okashigete、「無kunatta」「dokkaitchatta」nadoo表現suru。,shrugs
item_494,gestures_games,NA,NA,イナイイナイバーをする。,inaiinaibaosuru。,playpeek
item_495,gestures_games,NA,NA,お母さんと手をあわせて、「せっせっせー」の手遊びをする。,o母santo手oawasete、「sessesse」no手遊biosuru。,patycak2
item_496,gestures_games,NA,NA,ゲンコツ山のタヌキさんをする。,genkotsu山notanukisanosuru。,sobig
item_497,gestures_games,NA,NA,「まてまて」（おいかけっこ）をする。,「matemate」（oikakekko）osuru。,chase
item_498,gestures_games,NA,NA,歌うような声をだす。,歌uyona声odasu。,dosing
item_499,gestures_games,NA,NA,おどる。,odoru。,dodance
item_500,gestures_objects,NA,NA,スプーンやフォークでたべる。,supunyafuokudetaberu。,eatspoon
item_501,gestures_objects,NA,NA,飲み物が入ったコップから飲む。,飲mi物ga入ttakoppukara飲mu。,drinkcup
item_502,gestures_objects,NA,NA,自分の髪をくしやブラシでとかす。,自分no髪okushiyaburashidetokasu。,combhair
item_503,gestures_objects,NA,NA,歯をみがく。,歯omigaku。,bshteeth
item_504,gestures_objects,NA,NA,タオルやティッシュで手や顔をふく。,taoruyateisshude手ya顔ofuku。,wipeface
item_505,gestures_objects,NA,NA,ぼうしをかぶる。,boshiokaburu。,puthat
item_506,gestures_objects,NA,NA,くつ、あるいはソックスをはく。,kutsu、aruihasokkusuohaku。,putshoe
item_507,gestures_objects,NA,NA,腕時計やネックレスをつける。,腕時計yanekkuresuotsukeru。,putwatch
item_508,gestures_objects,NA,NA,耳に手をおき、目を閉じて、ねむっているまねをする。,耳ni手oki、目o閉jite、nemutteirumaneosuru。,ptdsleep
item_509,gestures_objects,NA,NA,ふーふーと吹いて、あついことをあらわす。,fufuto吹ite、atsuikotooarawasu。,blowhot
item_510,gestures_objects,NA,NA,飛行機を持って、飛行機が飛んでいるまねをする。,飛行機o持tte、飛行機ga飛ndeirumaneosuru。,flyplane
item_511,gestures_objects,NA,NA,耳に電話をもっていく。,耳ni電話omotteiku。,ptndtele
item_512,gestures_objects,NA,NA,花のにおいをかぐ。,花nonioiokagu。,snifflow
item_513,gestures_objects,NA,NA,おもちゃの自動車やトラックをおす。,omochano自動車yatorakkuosu。,pushcar
item_514,gestures_objects,NA,NA,ボールをなげる。,boruonageru。,throwges
item_515,gestures_objects,NA,NA,一つの容器からもう一つの容器へ水をつぐふりをする。,一tsuno容器karamo一tsuno容器he水otsugufuriosuru。,ptndpour
item_516,gestures_objects,NA,NA,スプーンでカップやなべのなかをかきまぜるふりをする。,supundekappuyanabenonakaokakimazerufuriosuru。,ptndstir
item_517,gestures_parent,NA,NA,ベッドや布団におく。,beddoya布団nioku。,putobed
item_518,gestures_parent,NA,NA,毛布やタオルや布団をかける。,毛布yataoruya布団okakeru。,cover
item_519,gestures_parent,NA,NA,ぬいぐるみや人形の口に哺乳びんをあてる。,nuigurumiya人形no口ni哺乳binoateru。,feedbotl
item_520,gestures_parent,NA,NA,ぬいぐるみや人形の口にスプーンをあてる。,nuigurumiya人形no口nisupunoateru。,feedspon
item_521,gestures_parent,NA,NA,ぬいぐるみや人形の髪をくしやブラシでとかす。,nuigurumiya人形no髪okushiyaburashidetokasu。,brushit
item_522,gestures_parent,NA,NA,ぬいぐるみや人形の背中をたたいて、よしよしする。,nuigurumiya人形no背中otataite、yoshiyoshisuru。,burbit
item_523,gestures_parent,NA,NA,ベビーカーにぬいぐるみの動物や人形をいれて押す。,bebikaninuigurumino動物ya人形oirete押su。,pushit
item_524,gestures_parent,NA,NA,ぬいぐるみや人形をゆする。,nuigurumiya人形oyusuru。,rockit
item_525,gestures_parent,NA,NA,抱っこする。,抱kkosuru。,kissit
item_526,gestures_parent,NA,NA,くつをはかせたり、ぼうしをかぶせようとしたりする。,kutsuohakasetari、boshiokabuseyotoshitarisuru。,dressit
item_527,gestures_parent,NA,NA,ぬいぐるみや人形の顔や手をふく。,nuigurumiya人形no顔ya手ofuku。,wipeit
item_528,gestures_parent,NA,NA,ぬいぐるみや人形にむかって何か言う。,nuigurumiya人形nimukatte何ka言u。,talkit
item_529,gestures_parent,NA,NA,ぬいぐるみや人形におむつをつけようとする。,nuigurumiya人形niomutsuotsukeyotosuru。,diaperit
item_530,gestures_adult,NA,NA,ほうきではく。,hokidehaku。,sweep
item_531,gestures_adult,NA,NA,戸やおもちゃの鍵穴に鍵をいれたり、かけようとする。,戸yaomochano鍵穴ni鍵oiretari、kakeyotosuru。,putkey
item_532,gestures_adult,NA,NA,本物やおもちゃのとんかちや金づちでたたく。,本物yaomochanotonkachiya金zuchidetataku。,pound
item_533,gestures_adult,NA,NA,本物やおもちゃの包丁で切るまねをする。,本物yaomochano包丁de切rumaneosuru。,usesaw
item_534,gestures_adult,NA,NA,本物やおもちゃのワープロやコンピューターのキーを”うつ”。,本物yaomochanowapuroyakompyutanokio”utsu”。,type
item_535,gestures_adult,NA,NA,”読む”（本をひらく、ページをめくる）。,”読mu”（本ohiraku、pejiomekuru）。,ptndread
item_536,gestures_adult,NA,NA,そうじ機をかける。,soji機okakeru。,dovacuum
item_537,gestures_adult,NA,NA,花に水をやる。,花ni水oyaru。,waterplt
item_538,gestures_adult,NA,NA,楽器をひこうとする（例えばピアノ、ギター）。,楽器ohikotosuru（例ebapiano、gita）。,playmus
item_539,gestures_adult,NA,NA,自動車のハンドルをまわして車を”運転する”。,自動車nohandoruomawashite車o”運転suru”。,ptnddriv
item_540,gestures_adult,NA,NA,食器を洗う。,食器o洗u。,washdish
item_541,gestures_adult,NA,NA,布やぞうきんでふく。,布yazokindefuku。,usecloth
item_542,gestures_adult,NA,NA,ペンや鉛筆やボールペンでかく。,penya鉛筆yaborupendekaku。,usepen
item_543,gestures_adult,NA,NA,スコップでほる。,sukoppudehoru。,dig
item_544,gestures_adult,NA,NA,めがねをかける。,meganeokakeru。,wearglas
item_545,pretends,NA,NA,物のみたて,物nomitate,
item_545_2,pretends,NA,NA,「はい」に〇をつけられた方は、お子さんがしているみたて遊びの例を、下に書いてください。,「hai」ni〇otsukerareta方ha、o子sangashiteirumitate遊bino例o、下ni書itekudasai。,
item_546,pretends,NA,NA,「はい」に〇をつけられた方は、お子さんがしているみたて遊びの例を、下に書いてください。,「hai」ni〇otsukerareta方ha、o子sangashiteirumitate遊bino例o、下ni書itekudasai。,
item_547,pretends,NA,NA,「はい」に〇をつけられた方は、お子さんがしているみたて遊びの例を、下に書いてください。,「hai」ni〇otsukerareta方ha、o子sangashiteirumitate遊bino例o、下ni書itekudasai。,
